-- MySQL dump 10.13  Distrib 8.0.21, for Linux (x86_64)
--
-- Host: localhost    Database: vk
-- ------------------------------------------------------
-- Server version	8.0.21-0ubuntu0.20.04.3

/*!40101 SET @OLD_CHARACTER_SET_CLIENT=@@CHARACTER_SET_CLIENT */;
/*!40101 SET @OLD_CHARACTER_SET_RESULTS=@@CHARACTER_SET_RESULTS */;
/*!40101 SET @OLD_COLLATION_CONNECTION=@@COLLATION_CONNECTION */;
/*!50503 SET NAMES utf8mb4 */;
/*!40103 SET @OLD_TIME_ZONE=@@TIME_ZONE */;
/*!40103 SET TIME_ZONE='+00:00' */;
/*!40014 SET @OLD_UNIQUE_CHECKS=@@UNIQUE_CHECKS, UNIQUE_CHECKS=0 */;
/*!40014 SET @OLD_FOREIGN_KEY_CHECKS=@@FOREIGN_KEY_CHECKS, FOREIGN_KEY_CHECKS=0 */;
/*!40101 SET @OLD_SQL_MODE=@@SQL_MODE, SQL_MODE='NO_AUTO_VALUE_ON_ZERO' */;
/*!40111 SET @OLD_SQL_NOTES=@@SQL_NOTES, SQL_NOTES=0 */;

--
-- Table structure for table `communities`
--

DROP TABLE IF EXISTS `communities`;
/*!40101 SET @saved_cs_client     = @@character_set_client */;
/*!50503 SET character_set_client = utf8mb4 */;
CREATE TABLE `communities` (
  `id` int unsigned NOT NULL AUTO_INCREMENT COMMENT 'Идентификатор сроки',
  `name` varchar(150) CHARACTER SET utf8 COLLATE utf8_unicode_ci NOT NULL COMMENT 'Название группы',
  `created_at` datetime DEFAULT CURRENT_TIMESTAMP COMMENT 'Время создания строки',
  `updated_at` datetime DEFAULT CURRENT_TIMESTAMP ON UPDATE CURRENT_TIMESTAMP COMMENT 'Время обновления строки',
  PRIMARY KEY (`id`),
  UNIQUE KEY `name` (`name`)
) ENGINE=InnoDB AUTO_INCREMENT=101 DEFAULT CHARSET=utf8 COLLATE=utf8_unicode_ci COMMENT='Группы';
/*!40101 SET character_set_client = @saved_cs_client */;

--
-- Dumping data for table `communities`
--

LOCK TABLES `communities` WRITE;
/*!40000 ALTER TABLE `communities` DISABLE KEYS */;
INSERT INTO `communities` VALUES (1,'voluptates','2012-04-24 07:02:47','2018-04-01 13:35:01'),(2,'voluptas','2011-10-30 13:20:20','2020-07-27 19:51:51'),(3,'perspiciatis','2011-08-03 13:51:18','2014-01-13 23:08:12'),(4,'error','1991-07-14 03:53:56','2019-06-01 14:36:34'),(5,'amet','2003-07-01 17:17:35','2013-08-02 03:37:43'),(6,'exercitationem','1998-10-05 12:52:37','2012-01-26 05:59:56'),(7,'corporis','1991-12-15 18:02:23','2015-09-18 15:17:17'),(8,'rem','2010-07-20 22:32:17','2010-08-07 13:37:02'),(9,'incidunt','2000-09-19 21:25:07','2011-04-10 17:26:10'),(10,'doloremque','2007-08-12 15:17:34','2016-11-13 23:04:33'),(11,'commodi','1999-04-22 19:31:43','2018-10-20 13:06:50'),(12,'quam','2013-05-28 10:48:41','2020-03-08 11:27:02'),(13,'neque','1995-01-17 03:58:46','2017-03-10 09:47:20'),(14,'eius','2018-01-11 05:16:51','2020-07-27 19:51:51'),(15,'sint','2014-08-24 16:55:34','2016-10-01 02:55:14'),(16,'officiis','2009-01-13 22:35:11','2015-12-02 02:24:20'),(17,'voluptatem','2017-08-28 17:48:28','2020-07-27 19:51:51'),(18,'numquam','1991-08-28 17:51:48','2016-09-12 03:29:51'),(19,'minima','2008-04-23 14:59:07','2011-01-21 06:35:07'),(20,'aperiam','1998-10-10 00:21:09','2012-04-04 15:17:18');
/*!40000 ALTER TABLE `communities` ENABLE KEYS */;
UNLOCK TABLES;

--
-- Table structure for table `communities_users`
--

DROP TABLE IF EXISTS `communities_users`;
/*!40101 SET @saved_cs_client     = @@character_set_client */;
/*!50503 SET character_set_client = utf8mb4 */;
CREATE TABLE `communities_users` (
  `community_id` int unsigned NOT NULL COMMENT 'Ссылка на группу',
  `user_id` int unsigned NOT NULL COMMENT 'Ссылка на пользователя',
  `created_at` datetime DEFAULT CURRENT_TIMESTAMP COMMENT 'Время создания строки',
  PRIMARY KEY (`community_id`,`user_id`) COMMENT 'Составной первичный ключ',
  KEY `communities_users_user_id_fk` (`user_id`),
  CONSTRAINT `communities_users_community_id_fk` FOREIGN KEY (`community_id`) REFERENCES `communities` (`id`) ON DELETE CASCADE,
  CONSTRAINT `communities_users_user_id_fk` FOREIGN KEY (`user_id`) REFERENCES `users` (`id`) ON DELETE CASCADE
) ENGINE=InnoDB DEFAULT CHARSET=utf8 COLLATE=utf8_unicode_ci COMMENT='Участники групп, связь между пользователями и группами';
/*!40101 SET character_set_client = @saved_cs_client */;

--
-- Dumping data for table `communities_users`
--

LOCK TABLES `communities_users` WRITE;
/*!40000 ALTER TABLE `communities_users` DISABLE KEYS */;
INSERT INTO `communities_users` VALUES (1,24,'2020-05-10 22:10:17'),(1,43,'2000-03-10 01:07:22'),(1,59,'2019-02-17 02:42:06'),(1,88,'2004-10-01 13:32:04'),(1,95,'2012-10-21 01:52:55'),(2,9,'2015-03-11 05:03:38'),(2,23,'2006-06-13 13:51:38'),(2,36,'2018-11-06 08:35:08'),(2,41,'2013-09-24 15:30:18'),(2,68,'2019-03-12 15:55:34'),(2,74,'2010-11-03 02:32:20'),(2,83,'2013-01-29 23:05:55'),(3,22,'2000-10-04 11:48:36'),(3,61,'2020-02-20 15:05:14'),(3,63,'2020-01-22 09:07:34'),(3,65,'1996-10-09 06:08:51'),(3,69,'2007-11-07 05:31:30'),(3,87,'2010-07-22 05:29:47'),(4,21,'2006-11-08 08:13:05'),(4,33,'2010-07-10 14:53:18'),(4,73,'2012-05-15 03:21:19'),(4,86,'1997-01-07 22:27:54'),(4,91,'2016-02-07 11:17:59'),(5,60,'1994-11-23 12:13:29'),(5,72,'2004-11-25 19:25:49'),(5,78,'2013-02-15 00:48:01'),(6,40,'2013-04-01 17:47:28'),(6,50,'2007-08-29 06:05:39'),(6,53,'2017-12-21 19:41:03'),(7,38,'2008-01-25 17:00:01'),(7,45,'2016-05-27 14:00:59'),(7,58,'2019-04-01 12:44:45'),(8,11,'2018-05-22 22:08:22'),(8,12,'2002-12-16 05:51:37'),(8,31,'2018-01-17 12:06:53'),(8,67,'1998-03-15 09:36:42'),(8,96,'2019-07-24 19:32:58'),(9,30,'2017-06-29 21:19:05'),(9,32,'1992-05-27 23:43:50'),(9,39,'2000-01-25 15:54:39'),(9,42,'2006-01-25 16:16:55'),(9,70,'2009-05-13 04:51:44'),(9,77,'2015-10-13 01:49:13'),(10,5,'2018-06-13 05:26:07'),(10,34,'2005-10-03 07:12:05'),(11,10,'1999-08-26 04:23:44'),(11,48,'2005-07-14 08:16:16'),(12,2,'2015-07-17 17:12:27'),(12,7,'2010-02-14 02:42:48'),(12,19,'2017-04-02 05:36:28'),(12,20,'2016-12-03 17:26:06'),(12,27,'2018-11-25 03:28:25'),(12,49,'2013-09-05 13:45:04'),(12,81,'2007-02-03 08:35:05'),(12,84,'2017-05-19 05:39:18'),(12,85,'2013-05-31 03:38:02'),(12,94,'2008-02-23 11:34:02'),(13,4,'2015-01-18 04:57:37'),(13,6,'1999-08-27 13:06:24'),(13,29,'2018-08-14 09:56:48'),(13,56,'2005-12-31 23:25:12'),(13,80,'1995-05-23 18:46:19'),(13,93,'2008-12-17 05:42:02'),(13,98,'2010-08-21 16:09:51'),(14,1,'1995-08-25 20:51:05'),(14,16,'2008-08-06 16:08:20'),(14,26,'2013-01-13 06:17:07'),(14,47,'2009-12-12 23:13:43'),(14,71,'2015-01-24 01:34:15'),(14,90,'2001-07-26 08:44:30'),(14,100,'2014-01-02 14:27:40'),(15,17,'2006-07-21 07:09:07'),(15,37,'1993-01-21 07:27:03'),(15,54,'2016-05-09 14:02:49'),(15,89,'2006-11-12 13:36:09'),(15,97,'2016-01-22 06:08:53'),(16,18,'2019-09-18 14:27:00'),(16,51,'2014-05-30 09:00:03'),(16,55,'2015-10-24 07:27:46'),(17,13,'2010-11-26 15:38:37'),(17,15,'2013-09-26 22:36:25'),(17,57,'2008-09-25 10:20:29'),(17,75,'2012-05-25 06:42:37'),(17,92,'2013-09-28 17:42:14'),(18,3,'1998-09-21 12:25:24'),(18,14,'2014-10-26 04:21:23'),(18,28,'2017-05-14 08:04:57'),(18,44,'2010-10-16 22:44:30'),(18,64,'2011-01-06 12:36:41'),(18,79,'2020-02-02 18:12:27'),(19,8,'2004-02-13 05:42:26'),(19,35,'2013-07-29 12:35:24'),(19,46,'2016-06-03 10:08:44'),(19,52,'2016-06-07 22:13:25'),(19,62,'2007-10-08 13:13:32'),(19,99,'2000-10-19 21:33:23'),(20,25,'2000-08-27 15:24:40'),(20,66,'2020-04-27 04:18:45'),(20,76,'2014-06-18 21:38:22'),(20,82,'2019-05-15 23:09:42');
/*!40000 ALTER TABLE `communities_users` ENABLE KEYS */;
UNLOCK TABLES;

--
-- Table structure for table `friendship`
--

DROP TABLE IF EXISTS `friendship`;
/*!40101 SET @saved_cs_client     = @@character_set_client */;
/*!50503 SET character_set_client = utf8mb4 */;
CREATE TABLE `friendship` (
  `user_id` int unsigned NOT NULL COMMENT 'Ссылка на инициатора дружеских отношений',
  `friend_id` int unsigned NOT NULL COMMENT 'Ссылка на получателя приглашения дружить',
  `status_id` int unsigned DEFAULT NULL,
  `requested_at` datetime DEFAULT CURRENT_TIMESTAMP COMMENT 'Время отправления приглашения дружить',
  `confirmed_at` datetime DEFAULT NULL COMMENT 'Время подтверждения приглашения',
  `updated_at` datetime DEFAULT CURRENT_TIMESTAMP ON UPDATE CURRENT_TIMESTAMP COMMENT 'Время обновления строки',
  PRIMARY KEY (`user_id`,`friend_id`) COMMENT 'Составной первичный ключ',
  KEY `friendship_friend_id_fk` (`friend_id`),
  KEY `friendship_status_id_fk` (`status_id`),
  CONSTRAINT `friendship_friend_id_fk` FOREIGN KEY (`friend_id`) REFERENCES `users` (`id`) ON DELETE CASCADE,
  CONSTRAINT `friendship_status_id_fk` FOREIGN KEY (`status_id`) REFERENCES `friendship_statuses` (`id`) ON DELETE SET NULL,
  CONSTRAINT `friendship_user_id_fk` FOREIGN KEY (`user_id`) REFERENCES `users` (`id`) ON DELETE CASCADE
) ENGINE=InnoDB DEFAULT CHARSET=utf8 COLLATE=utf8_unicode_ci COMMENT='Таблица дружбы';
/*!40101 SET character_set_client = @saved_cs_client */;

--
-- Dumping data for table `friendship`
--

LOCK TABLES `friendship` WRITE;
/*!40000 ALTER TABLE `friendship` DISABLE KEYS */;
INSERT INTO `friendship` VALUES (1,26,2,'2020-07-27 21:55:19','2020-07-27 21:58:30','2020-07-27 21:58:30'),(2,30,2,'2015-07-17 17:12:27','2020-01-29 00:57:50','2020-07-27 21:50:52'),(2,60,3,'2020-07-27 21:55:19','2020-07-27 21:58:30','2020-07-27 21:58:30'),(3,55,3,'2000-09-22 12:55:16','2003-10-01 19:17:09','2020-07-27 21:46:10'),(3,83,3,'2012-05-23 20:54:02','2018-06-25 10:10:41','2020-07-27 21:46:10'),(5,77,2,'2020-07-27 21:55:19','2020-07-27 21:58:30','2020-07-27 21:58:30'),(6,54,1,'1997-06-08 10:20:48','2013-04-25 12:01:16','2020-07-27 21:46:10'),(6,94,2,'2006-10-20 04:46:01','2019-09-08 16:02:25','2020-07-27 21:46:10'),(8,64,1,'2020-07-27 21:55:19','2020-07-27 21:58:30','2020-07-27 21:58:30'),(9,86,3,'2020-07-27 21:55:19','2020-07-27 21:58:30','2020-07-27 21:58:30'),(10,42,1,'2020-07-27 21:55:19','2020-07-27 21:58:30','2020-07-27 21:58:30'),(10,52,1,'2020-07-27 21:55:19','2020-07-27 21:58:30','2020-07-27 21:58:30'),(12,91,3,'2020-07-27 21:55:19','2020-07-27 21:58:30','2020-07-27 21:58:30'),(13,7,1,'2020-07-27 21:55:19','2020-07-27 21:58:30','2020-07-27 21:58:30'),(13,53,2,'1997-10-30 12:15:48','2017-02-03 10:57:03','2020-07-27 21:46:10'),(14,71,1,'2020-07-27 21:55:19','2020-07-27 21:58:30','2020-07-27 21:58:30'),(15,55,2,'1999-01-01 04:38:12','2015-04-29 09:10:41','2020-07-27 21:50:52'),(15,85,2,'2002-11-15 14:44:33','2018-10-07 19:19:08','2020-07-27 21:46:10'),(16,32,1,'2020-07-27 21:55:19','2020-07-27 21:58:30','2020-07-27 21:58:30'),(17,81,3,'2020-07-27 21:55:19','2020-07-27 21:58:30','2020-07-27 21:58:30'),(18,64,1,'2020-07-27 21:55:19','2020-07-27 21:58:30','2020-07-27 21:58:30'),(18,74,3,'2020-07-27 21:55:19','2020-07-27 21:58:30','2020-07-27 21:58:30'),(19,22,2,'2020-07-27 21:55:19','2020-07-27 21:58:30','2020-07-27 21:58:30'),(20,15,3,'2020-07-27 21:55:19','2020-07-27 21:58:30','2020-07-27 21:58:30'),(22,35,1,'2006-07-26 07:56:13','2019-10-19 20:45:43','2020-07-27 21:46:10'),(24,2,1,'2020-07-27 21:55:19','2020-07-27 21:58:30','2020-07-27 21:58:30'),(24,81,2,'2020-07-27 21:55:19','2020-07-27 21:58:30','2020-07-27 21:58:30'),(25,40,2,'2020-07-27 21:55:19','2020-07-27 21:58:30','2020-07-27 21:58:30'),(27,39,3,'2020-07-27 21:55:19','2020-07-27 21:58:30','2020-07-27 21:58:30'),(27,49,2,'2020-07-27 21:55:19','2020-07-27 21:58:30','2020-07-27 21:58:30'),(27,72,3,'1999-05-01 09:39:46','2003-08-14 07:18:41','2020-07-27 21:50:52'),(28,12,3,'2020-07-27 21:55:19','2020-07-27 21:58:30','2020-07-27 21:58:30'),(28,52,1,'2020-07-27 21:55:19','2020-07-27 21:58:30','2020-07-27 21:58:30'),(28,63,1,'2020-07-27 21:55:19','2020-07-27 21:58:30','2020-07-27 21:58:30'),(28,77,2,'2020-07-27 21:55:19','2020-07-27 21:58:30','2020-07-27 21:58:30'),(28,78,2,'2020-07-27 21:55:19','2020-07-27 21:58:30','2020-07-27 21:58:30'),(30,16,2,'2020-07-27 21:55:19','2020-07-27 21:58:30','2020-07-27 21:58:30'),(30,34,2,'2020-07-27 21:55:19','2020-07-27 21:58:30','2020-07-27 21:58:30'),(32,96,1,'2012-04-24 20:52:21','2013-01-30 08:35:42','2020-07-27 21:46:10'),(33,49,3,'2020-07-27 21:55:19','2020-07-27 21:58:30','2020-07-27 21:58:30'),(34,25,2,'2002-02-10 08:11:16','2019-06-19 08:17:58','2020-07-27 21:50:52'),(35,15,2,'2020-07-27 21:55:19','2020-07-27 21:58:30','2020-07-27 21:58:30'),(35,38,3,'2020-07-27 21:55:19','2020-07-27 21:58:30','2020-07-27 21:58:30'),(35,70,1,'2020-07-27 21:55:19','2020-07-27 21:58:30','2020-07-27 21:58:30'),(35,88,2,'2020-07-27 21:55:19','2020-07-27 21:58:30','2020-07-27 21:58:30'),(36,5,1,'2009-06-21 03:35:03','2020-02-20 13:46:06','2020-07-27 21:50:52'),(37,95,2,'2020-07-27 21:55:19','2020-07-27 21:58:30','2020-07-27 21:58:30'),(38,30,3,'2020-07-27 21:55:19','2020-07-27 21:58:30','2020-07-27 21:58:30'),(38,85,3,'2020-07-27 21:55:19','2020-07-27 21:58:30','2020-07-27 21:58:30'),(40,97,2,'2013-04-01 17:47:28','2019-08-24 13:28:34','2020-07-27 21:50:52'),(43,5,1,'2015-07-08 20:25:20','2017-08-07 21:06:20','2020-07-27 21:46:10'),(43,13,3,'2003-03-26 07:44:00','2003-12-10 02:34:05','2020-07-27 21:46:10'),(43,72,2,'2006-08-16 16:37:45','2009-05-11 02:38:04','2020-07-27 21:46:10'),(44,30,2,'2020-07-27 21:55:19','2020-07-27 21:58:30','2020-07-27 21:58:30'),(45,77,3,'2014-08-06 11:30:37','2018-04-18 19:27:56','2020-07-27 21:50:52'),(46,65,1,'2020-07-27 21:55:19','2020-07-27 21:58:30','2020-07-27 21:58:30'),(46,98,3,'2020-07-27 21:55:19','2020-07-27 21:58:30','2020-07-27 21:58:30'),(48,49,3,'2002-11-07 03:58:58','2016-04-07 15:30:29','2020-07-27 21:50:52'),(50,7,2,'2007-08-29 06:05:39','2009-01-25 13:38:37','2020-07-27 21:50:52'),(51,22,2,'2020-07-27 21:55:19','2020-07-27 21:58:30','2020-07-27 21:58:30'),(52,95,2,'2020-07-27 21:55:19','2020-07-27 21:58:30','2020-07-27 21:58:30'),(53,19,2,'2020-07-27 21:55:19','2020-07-27 21:58:30','2020-07-27 21:58:30'),(53,80,2,'2020-07-27 21:55:19','2020-07-27 21:58:30','2020-07-27 21:58:30'),(53,92,3,'2020-07-27 21:55:19','2020-07-27 21:58:30','2020-07-27 21:58:30'),(54,100,1,'2016-05-09 14:02:49','2017-03-02 22:01:30','2020-07-27 21:50:52'),(57,20,3,'2020-07-27 21:55:19','2020-07-27 21:58:30','2020-07-27 21:58:30'),(61,62,1,'2009-03-28 23:16:07','2017-07-29 00:20:54','2020-07-27 21:50:52'),(62,24,3,'2020-07-27 21:55:19','2020-07-27 21:58:30','2020-07-27 21:58:30'),(64,67,3,'2000-08-13 16:36:56','2007-10-13 06:15:18','2020-07-27 21:46:10'),(64,73,2,'2009-03-10 14:06:00','2018-04-06 02:47:07','2020-07-27 21:46:10'),(66,38,3,'2009-09-18 07:47:52','2011-11-24 22:44:16','2020-07-27 21:50:52'),(67,68,1,'2020-07-27 21:55:19','2020-07-27 21:58:30','2020-07-27 21:58:30'),(67,87,2,'2020-07-27 21:55:19','2020-07-27 21:58:30','2020-07-27 21:58:30'),(67,91,3,'1998-10-12 22:11:16','2004-02-28 12:47:42','2020-07-27 21:46:10'),(68,45,2,'2020-07-27 21:55:19','2020-07-27 21:58:30','2020-07-27 21:58:30'),(69,15,1,'2020-07-27 21:55:19','2020-07-27 21:58:30','2020-07-27 21:58:30'),(72,13,3,'1998-08-26 20:37:21','2012-07-03 23:11:21','2020-07-27 21:46:10'),(73,44,1,'2012-05-15 03:21:19','2013-06-21 01:19:29','2020-07-27 21:50:52'),(73,86,1,'2020-07-27 21:55:19','2020-07-27 21:58:30','2020-07-27 21:58:30'),(75,18,1,'2020-07-27 21:55:19','2020-07-27 21:58:30','2020-07-27 21:58:30'),(75,54,3,'2020-07-27 21:55:19','2020-07-27 21:58:30','2020-07-27 21:58:30'),(76,40,3,'2008-08-27 01:22:19','2017-01-13 12:11:44','2020-07-27 21:46:10'),(78,89,1,'2013-01-19 19:04:52','2018-12-21 09:51:34','2020-07-27 21:50:52'),(80,82,2,'2015-12-28 01:51:26','2018-04-29 17:42:57','2020-07-27 21:46:10'),(81,49,1,'2007-02-03 08:35:05','2007-10-27 22:30:36','2020-07-27 21:50:52'),(81,78,2,'2007-02-03 08:35:05','2015-01-24 15:56:00','2020-07-27 21:50:52'),(82,97,1,'2020-07-27 21:55:19','2020-07-27 21:58:30','2020-07-27 21:58:30'),(83,95,3,'2020-07-27 21:55:19','2020-07-27 21:58:30','2020-07-27 21:58:30'),(86,35,3,'2012-03-29 05:43:02','2018-06-02 02:16:53','2020-07-27 21:46:10'),(86,38,1,'1995-10-29 02:59:20','2018-07-27 23:05:55','2020-07-27 21:46:10'),(87,11,3,'2020-07-27 21:55:19','2020-07-27 21:58:30','2020-07-27 21:58:30'),(88,94,3,'2020-07-27 21:55:19','2020-07-27 21:58:30','2020-07-27 21:58:30'),(93,48,3,'1999-07-21 06:21:08','2015-05-02 00:06:59','2020-07-27 21:46:10'),(95,43,3,'2012-03-09 21:16:21','2017-02-06 08:38:30','2020-07-27 21:46:10'),(95,59,2,'1999-05-17 02:00:55','2011-09-16 18:44:02','2020-07-27 21:50:52'),(96,59,3,'2020-07-27 21:55:19','2020-07-27 21:58:30','2020-07-27 21:58:30'),(96,100,1,'2020-07-27 21:55:19','2020-07-27 21:58:30','2020-07-27 21:58:30'),(97,93,1,'2003-04-07 07:38:54','2003-05-19 15:16:01','2020-07-27 21:46:10'),(98,45,1,'2020-07-27 21:55:19','2020-07-27 21:58:30','2020-07-27 21:58:30'),(99,65,3,'2000-10-19 21:33:23','2003-04-04 06:42:44','2020-07-27 21:50:52');
/*!40000 ALTER TABLE `friendship` ENABLE KEYS */;
UNLOCK TABLES;

--
-- Table structure for table `friendship_statuses`
--

DROP TABLE IF EXISTS `friendship_statuses`;
/*!40101 SET @saved_cs_client     = @@character_set_client */;
/*!50503 SET character_set_client = utf8mb4 */;
CREATE TABLE `friendship_statuses` (
  `id` int unsigned NOT NULL AUTO_INCREMENT COMMENT 'Идентификатор строки',
  `name` varchar(150) CHARACTER SET utf8 COLLATE utf8_unicode_ci NOT NULL COMMENT 'Название статуса',
  `created_at` datetime DEFAULT CURRENT_TIMESTAMP COMMENT 'Время создания строки',
  `updated_at` datetime DEFAULT CURRENT_TIMESTAMP ON UPDATE CURRENT_TIMESTAMP COMMENT 'Время обновления строки',
  PRIMARY KEY (`id`),
  UNIQUE KEY `name` (`name`)
) ENGINE=InnoDB AUTO_INCREMENT=9 DEFAULT CHARSET=utf8 COLLATE=utf8_unicode_ci COMMENT='Статусы дружбы';
/*!40101 SET character_set_client = @saved_cs_client */;

--
-- Dumping data for table `friendship_statuses`
--

LOCK TABLES `friendship_statuses` WRITE;
/*!40000 ALTER TABLE `friendship_statuses` DISABLE KEYS */;
INSERT INTO `friendship_statuses` VALUES (1,'eum','1999-04-29 08:10:21','2020-07-27 22:03:49'),(2,'magni','1994-09-16 15:40:03','2002-02-23 00:14:23'),(3,'aliquid','1999-09-29 19:17:50','2020-07-27 22:03:49'),(4,'maiores','2012-09-13 06:03:28','2020-07-27 22:03:49'),(5,'est','1971-05-22 19:32:32','2014-11-20 03:24:58'),(6,'Requested','2020-07-27 12:33:59','2020-07-27 12:33:59'),(7,'Confirmed','2020-07-27 12:33:59','2020-07-27 12:33:59'),(8,'Rejected','2020-07-27 12:33:59','2020-07-27 12:33:59');
/*!40000 ALTER TABLE `friendship_statuses` ENABLE KEYS */;
UNLOCK TABLES;

--
-- Table structure for table `likes`
--

DROP TABLE IF EXISTS `likes`;
/*!40101 SET @saved_cs_client     = @@character_set_client */;
/*!50503 SET character_set_client = utf8mb4 */;
CREATE TABLE `likes` (
  `id` int unsigned NOT NULL AUTO_INCREMENT,
  `user_id` int unsigned NOT NULL,
  `target_id` int unsigned NOT NULL,
  `target_type_id` int unsigned DEFAULT NULL,
  `created_at` datetime DEFAULT CURRENT_TIMESTAMP,
  PRIMARY KEY (`id`),
  KEY `likes_user_id_fk` (`user_id`),
  KEY `likes_target_id_fk` (`target_id`),
  KEY `likes_target_type_id_fk` (`target_type_id`),
  CONSTRAINT `likes_target_id_fk` FOREIGN KEY (`target_id`) REFERENCES `media` (`id`) ON DELETE CASCADE,
  CONSTRAINT `likes_target_type_id_fk` FOREIGN KEY (`target_type_id`) REFERENCES `target_types` (`id`),
  CONSTRAINT `likes_user_id_fk` FOREIGN KEY (`user_id`) REFERENCES `users` (`id`) ON DELETE CASCADE
) ENGINE=InnoDB AUTO_INCREMENT=101 DEFAULT CHARSET=utf8mb4 COLLATE=utf8mb4_0900_ai_ci;
/*!40101 SET character_set_client = @saved_cs_client */;

--
-- Dumping data for table `likes`
--

LOCK TABLES `likes` WRITE;
/*!40000 ALTER TABLE `likes` DISABLE KEYS */;
INSERT INTO `likes` VALUES (1,66,8,2,'2020-08-02 19:01:45'),(2,11,39,3,'2020-08-02 19:01:45'),(3,46,50,1,'2020-08-02 19:01:45'),(4,61,87,3,'2020-08-02 19:01:45'),(5,90,69,4,'2020-08-02 19:01:45'),(6,1,83,1,'2020-08-02 19:01:45'),(7,93,15,4,'2020-08-02 19:01:45'),(8,94,44,2,'2020-08-02 19:01:45'),(9,15,43,3,'2020-08-02 19:01:45'),(10,23,87,3,'2020-08-02 19:01:45'),(11,76,86,4,'2020-08-02 19:01:45'),(12,4,87,1,'2020-08-02 19:01:45'),(13,53,94,1,'2020-08-02 19:01:45'),(14,54,1,2,'2020-08-02 19:01:45'),(15,82,84,3,'2020-08-02 19:01:45'),(16,25,99,1,'2020-08-02 19:01:45'),(17,3,72,3,'2020-08-02 19:01:45'),(18,57,86,3,'2020-08-02 19:01:45'),(19,61,70,3,'2020-08-02 19:01:45'),(20,87,50,4,'2020-08-02 19:01:45'),(21,33,75,3,'2020-08-02 19:01:45'),(22,68,14,3,'2020-08-02 19:01:45'),(23,41,51,2,'2020-08-02 19:01:45'),(24,59,14,4,'2020-08-02 19:01:45'),(25,14,49,1,'2020-08-02 19:01:45'),(26,80,65,4,'2020-08-02 19:01:45'),(27,3,10,2,'2020-08-02 19:01:45'),(28,90,49,3,'2020-08-02 19:01:45'),(29,62,94,4,'2020-08-02 19:01:45'),(30,48,82,3,'2020-08-02 19:01:45'),(31,17,75,2,'2020-08-02 19:01:45'),(32,20,60,2,'2020-08-02 19:01:45'),(33,12,89,1,'2020-08-02 19:01:45'),(34,82,79,2,'2020-08-02 19:01:45'),(35,19,58,2,'2020-08-02 19:01:45'),(36,8,61,4,'2020-08-02 19:01:45'),(37,73,65,1,'2020-08-02 19:01:45'),(38,83,76,2,'2020-08-02 19:01:45'),(39,97,58,4,'2020-08-02 19:01:45'),(40,41,56,3,'2020-08-02 19:01:45'),(41,77,94,2,'2020-08-02 19:01:45'),(42,52,32,1,'2020-08-02 19:01:45'),(43,92,4,2,'2020-08-02 19:01:45'),(44,23,14,1,'2020-08-02 19:01:45'),(45,80,61,3,'2020-08-02 19:01:45'),(46,28,69,3,'2020-08-02 19:01:45'),(47,50,49,4,'2020-08-02 19:01:45'),(48,7,54,2,'2020-08-02 19:01:45'),(49,12,24,4,'2020-08-02 19:01:45'),(50,31,68,2,'2020-08-02 19:01:45'),(51,6,57,3,'2020-08-02 19:01:45'),(52,29,18,1,'2020-08-02 19:01:45'),(53,49,93,1,'2020-08-02 19:01:45'),(54,10,15,2,'2020-08-02 19:01:45'),(55,50,42,3,'2020-08-02 19:01:45'),(56,4,87,1,'2020-08-02 19:01:45'),(57,24,27,3,'2020-08-02 19:01:45'),(58,24,6,3,'2020-08-02 19:01:45'),(59,37,35,3,'2020-08-02 19:01:45'),(60,71,98,3,'2020-08-02 19:01:45'),(61,98,83,1,'2020-08-02 19:01:45'),(62,45,37,2,'2020-08-02 19:01:45'),(63,76,3,4,'2020-08-02 19:01:45'),(64,41,51,2,'2020-08-02 19:01:45'),(65,57,3,2,'2020-08-02 19:01:45'),(66,97,53,3,'2020-08-02 19:01:45'),(67,91,48,3,'2020-08-02 19:01:45'),(68,45,22,3,'2020-08-02 19:01:45'),(69,9,98,3,'2020-08-02 19:01:45'),(70,1,13,3,'2020-08-02 19:01:45'),(71,14,53,1,'2020-08-02 19:01:45'),(72,36,28,2,'2020-08-02 19:01:45'),(73,11,1,3,'2020-08-02 19:01:45'),(74,35,16,3,'2020-08-02 19:01:45'),(75,70,71,2,'2020-08-02 19:01:45'),(76,31,39,1,'2020-08-02 19:01:45'),(77,86,79,2,'2020-08-02 19:01:45'),(78,57,25,3,'2020-08-02 19:01:45'),(79,27,51,3,'2020-08-02 19:01:45'),(80,26,4,2,'2020-08-02 19:01:45'),(81,93,53,4,'2020-08-02 19:01:45'),(82,75,54,2,'2020-08-02 19:01:45'),(83,23,16,1,'2020-08-02 19:01:45'),(84,42,100,3,'2020-08-02 19:01:45'),(85,96,91,3,'2020-08-02 19:01:45'),(86,67,29,2,'2020-08-02 19:01:45'),(87,91,5,3,'2020-08-02 19:01:45'),(88,28,78,1,'2020-08-02 19:01:45'),(89,14,94,2,'2020-08-02 19:01:45'),(90,72,47,1,'2020-08-02 19:01:45'),(91,95,58,1,'2020-08-02 19:01:45'),(92,7,47,1,'2020-08-02 19:01:45'),(93,82,95,2,'2020-08-02 19:01:45'),(94,47,25,4,'2020-08-02 19:01:45'),(95,90,42,2,'2020-08-02 19:01:45'),(96,65,13,3,'2020-08-02 19:01:45'),(97,85,67,4,'2020-08-02 19:01:45'),(98,45,17,2,'2020-08-02 19:01:45'),(99,48,76,2,'2020-08-02 19:01:45'),(100,1,82,1,'2020-08-02 19:01:45');
/*!40000 ALTER TABLE `likes` ENABLE KEYS */;
UNLOCK TABLES;

--
-- Table structure for table `media`
--

DROP TABLE IF EXISTS `media`;
/*!40101 SET @saved_cs_client     = @@character_set_client */;
/*!50503 SET character_set_client = utf8mb4 */;
CREATE TABLE `media` (
  `id` int unsigned NOT NULL AUTO_INCREMENT COMMENT 'Идентификатор строки',
  `user_id` int unsigned NOT NULL COMMENT 'Ссылка на пользователя, который загрузил файл',
  `filename` varchar(255) CHARACTER SET utf8 COLLATE utf8_unicode_ci NOT NULL COMMENT 'Путь к файлу',
  `size` int NOT NULL COMMENT 'Размер файла',
  `metadata` json DEFAULT NULL,
  `media_type_id` int unsigned DEFAULT NULL,
  `created_at` datetime DEFAULT CURRENT_TIMESTAMP COMMENT 'Время создания строки',
  `updated_at` datetime DEFAULT CURRENT_TIMESTAMP ON UPDATE CURRENT_TIMESTAMP COMMENT 'Время обновления строки',
  PRIMARY KEY (`id`),
  KEY `media_user_id_fk` (`user_id`),
  KEY `media_media_type_id_fk` (`media_type_id`),
  CONSTRAINT `media_media_type_id_fk` FOREIGN KEY (`media_type_id`) REFERENCES `media_types` (`id`) ON DELETE SET NULL,
  CONSTRAINT `media_user_id_fk` FOREIGN KEY (`user_id`) REFERENCES `users` (`id`) ON DELETE CASCADE,
  CONSTRAINT `media_chk_1` CHECK (json_valid(`metadata`))
) ENGINE=InnoDB AUTO_INCREMENT=101 DEFAULT CHARSET=utf8 COLLATE=utf8_unicode_ci COMMENT='Медиафайлы';
/*!40101 SET character_set_client = @saved_cs_client */;

--
-- Dumping data for table `media`
--

LOCK TABLES `media` WRITE;
/*!40000 ALTER TABLE `media` DISABLE KEYS */;
INSERT INTO `media` VALUES (1,69,'https://dropbox./vk/animi.avi',60124,'{\"owner\": \"Lempi Wiza\"}',1,'1992-09-01 19:21:48','2020-07-27 12:25:09'),(2,75,'https://dropbox./vk/ab.mpeg',87915,'{\"owner\": \"Carli Sawayn\"}',1,'1995-11-30 18:16:50','2020-07-27 22:08:08'),(3,70,'https://dropbox./vk/dolor.png',36653,'{\"owner\": \"Gilda Effertz\"}',2,'2009-05-13 04:51:44','2020-07-27 22:08:08'),(4,23,'https://dropbox./vk/eius.avi',92895,'{\"owner\": \"Rosina Stiedemann\"}',3,'1991-11-19 01:52:32','2020-07-27 22:08:08'),(5,3,'https://dropbox./vk/quibusdam.png',9523,'{\"owner\": \"Johann Considine\"}',2,'2005-02-16 18:27:31','2020-07-27 12:25:09'),(6,49,'https://dropbox./vk/sed.mpeg',926752,'{\"owner\": \"Taryn Douglas\"}',3,'2013-09-05 13:45:04','2020-07-27 22:08:08'),(7,33,'https://dropbox./vk/ea.png',174496,'{\"owner\": \"Leila Shanahan\"}',3,'1998-06-20 14:09:04','2020-07-27 12:25:09'),(8,19,'https://dropbox./vk/alias.avi',44516,'{\"owner\": \"Randi Brakus\"}',1,'2017-04-02 05:36:28','2020-07-27 22:08:08'),(9,96,'https://dropbox./vk/in.mpeg',690177,'{\"owner\": \"Hellen Larkin\"}',3,'2010-08-02 18:37:20','2020-07-27 12:25:09'),(10,21,'https://dropbox./vk/quibusdam.mpeg',60388313,'{\"owner\": \"Shanelle Windler\"}',2,'2009-12-28 19:26:07','2020-07-27 12:25:09'),(11,16,'https://dropbox./vk/et.png',33896,'{\"owner\": \"Kelsie Emmerich\"}',3,'2008-08-06 16:08:20','2020-07-27 22:08:08'),(12,18,'https://dropbox./vk/in.avi',25930,'{\"owner\": \"Vada Ritchie\"}',1,'2019-09-18 14:27:00','2020-07-27 22:08:08'),(13,41,'https://dropbox./vk/similique.mpeg',17965,'{\"owner\": \"Will Johnston\"}',1,'2013-09-24 15:30:18','2020-07-27 22:08:08'),(14,52,'https://dropbox./vk/est.jpeg',65208843,'{\"owner\": \"Helene Hand\"}',2,'2010-11-01 05:42:15','2020-07-27 12:25:09'),(15,35,'https://dropbox./vk/quisquam.avi',326163,'{\"owner\": \"Ulises Bergnaum\"}',2,'2010-11-13 03:49:14','2020-07-27 22:08:08'),(16,19,'https://dropbox./vk/velit.avi',84444,'{\"owner\": \"Randi Brakus\"}',3,'2017-04-02 05:36:28','2020-07-27 22:08:08'),(17,90,'https://dropbox./vk/magnam.mpeg',102036,'{\"owner\": \"Alvera Mueller\"}',2,'2007-04-21 11:04:33','2020-07-27 12:25:09'),(18,94,'https://dropbox./vk/eum.png',46286,'{\"owner\": \"Shemar Jaskolski\"}',3,'2015-12-14 11:02:59','2020-07-27 12:25:09'),(19,96,'https://dropbox./vk/sit.mpeg',8994,'{\"owner\": \"Hellen Larkin\"}',3,'2006-04-08 03:33:37','2020-07-27 22:08:08'),(20,100,'https://dropbox./vk/ducimus.mpeg',15322,'{\"owner\": \"Anderson Gutkowski\"}',1,'2015-07-23 12:45:45','2020-07-27 12:25:09'),(21,9,'https://dropbox./vk/dicta.mpeg',6388866,'{\"owner\": \"Allene O\'Kon\"}',1,'2015-03-11 05:03:38','2020-07-27 22:08:08'),(22,48,'https://dropbox./vk/voluptatibus.mpeg',40763,'{\"owner\": \"Kian Runte\"}',1,'2002-11-07 03:58:58','2020-07-27 22:08:08'),(23,10,'https://dropbox./vk/iste.mpeg',6196775,'{\"owner\": \"Zechariah Boyer\"}',2,'2004-05-07 12:36:52','2020-07-27 12:25:09'),(24,5,'https://dropbox./vk/vitae.avi',5342500,'{\"owner\": \"Madisyn Hauck\"}',3,'2005-06-30 14:32:26','2020-07-27 22:08:08'),(25,95,'https://dropbox./vk/facere.jpeg',27754,'{\"owner\": \"Virginie White\"}',1,'2007-07-26 09:06:31','2020-07-27 12:25:09'),(26,61,'https://dropbox./vk/nihil.png',82804,'{\"owner\": \"Idell Hudson\"}',2,'2009-03-28 23:16:07','2020-07-27 22:08:08'),(27,19,'https://dropbox./vk/molestiae.png',20756,'{\"owner\": \"Randi Brakus\"}',2,'2017-04-02 05:36:28','2020-07-27 22:08:08'),(28,10,'https://dropbox./vk/sit.mpeg',45371,'{\"owner\": \"Zechariah Boyer\"}',1,'1991-08-22 16:14:31','2020-07-27 22:08:08'),(29,94,'https://dropbox./vk/dolorum.png',54585,'{\"owner\": \"Shemar Jaskolski\"}',2,'2014-12-22 23:47:30','2020-07-27 12:25:09'),(30,38,'https://dropbox./vk/suscipit.avi',56916,'{\"owner\": \"Georgette Becker\"}',3,'2003-02-15 02:22:02','2020-07-27 22:08:08'),(31,9,'https://dropbox./vk/voluptas.png',26813,'{\"owner\": \"Allene O\'Kon\"}',3,'2015-03-11 05:03:38','2020-07-27 22:08:08'),(32,29,'https://dropbox./vk/quod.mpeg',128127,'{\"owner\": \"Angelica Sipes\"}',3,'2013-09-10 23:18:56','2020-07-27 22:08:08'),(33,18,'https://dropbox./vk/repellendus.jpeg',3638,'{\"owner\": \"Vada Ritchie\"}',2,'2019-09-18 14:27:00','2020-07-27 22:08:08'),(34,4,'https://dropbox./vk/veniam.mpeg',3144109,'{\"owner\": \"Velma Kris\"}',2,'2010-01-21 16:57:54','2020-07-27 22:08:08'),(35,65,'https://dropbox./vk/rerum.png',60311,'{\"owner\": \"Orville Brown\"}',3,'2009-04-03 01:36:09','2020-07-27 12:25:09'),(36,12,'https://dropbox./vk/repellat.mpeg',62407,'{\"owner\": \"Shea Kunde\"}',3,'2002-12-16 05:51:37','2020-07-27 22:08:08'),(37,65,'https://dropbox./vk/corrupti.avi',4486,'{\"owner\": \"Orville Brown\"}',2,'1996-10-09 06:08:51','2020-07-27 22:08:08'),(38,89,'https://dropbox./vk/repellat.jpeg',9534,'{\"owner\": \"Hope Yost\"}',2,'2020-05-09 16:04:50','2020-07-27 12:25:09'),(39,49,'https://dropbox./vk/quam.jpeg',11116,'{\"owner\": \"Taryn Douglas\"}',2,'2013-09-05 13:45:04','2020-07-27 22:08:08'),(40,79,'https://dropbox./vk/doloremque.jpeg',64649,'{\"owner\": \"Corbin Huels\"}',3,'2020-02-02 18:12:27','2020-07-27 22:08:08'),(41,46,'https://dropbox./vk/a.png',74386,'{\"owner\": \"Virgil Green\"}',2,'2014-01-28 02:02:46','2020-07-27 22:08:08'),(42,91,'https://dropbox./vk/dolor.jpeg',79896,'{\"owner\": \"Ada Renner\"}',3,'2016-02-07 11:17:59','2020-07-27 22:08:08'),(43,19,'https://dropbox./vk/aliquam.avi',5164822,'{\"owner\": \"Randi Brakus\"}',2,'2017-04-02 05:36:28','2020-07-27 22:08:08'),(44,19,'https://dropbox./vk/impedit.png',95536,'{\"owner\": \"Randi Brakus\"}',3,'2017-04-02 05:36:28','2020-07-27 22:08:08'),(45,39,'https://dropbox./vk/non.png',55736,'{\"owner\": \"Ila Kozey\"}',2,'2010-02-13 22:30:44','2020-07-27 12:25:09'),(46,36,'https://dropbox./vk/voluptatem.avi',187754363,'{\"owner\": \"Nya Lockman\"}',2,'2012-12-19 05:14:01','2020-07-27 12:25:09'),(47,63,'https://dropbox./vk/ut.png',79849620,'{\"owner\": \"Guillermo Batz\"}',2,'2008-10-24 16:57:36','2020-07-27 12:25:09'),(48,5,'https://dropbox./vk/quis.png',52263,'{\"owner\": \"Madisyn Hauck\"}',2,'2016-06-01 04:25:21','2020-07-27 12:25:09'),(49,36,'https://dropbox./vk/dolor.mpeg',23906970,'{\"owner\": \"Nya Lockman\"}',2,'2009-06-21 03:35:03','2020-07-27 22:08:08'),(50,63,'https://dropbox./vk/assumenda.jpeg',27991,'{\"owner\": \"Guillermo Batz\"}',3,'2001-02-08 02:21:30','2020-07-27 22:08:08'),(51,8,'https://dropbox./vk/officia.jpeg',43349,'{\"owner\": \"Nayeli Gleichner\"}',1,'2006-05-23 10:12:51','2020-07-27 12:25:09'),(52,50,'https://dropbox./vk/unde.mpeg',7539,'{\"owner\": \"Tessie Brown\"}',1,'2007-08-29 06:05:39','2020-07-27 22:08:08'),(53,24,'https://dropbox./vk/eum.mpeg',13108,'{\"owner\": \"Creola Howell\"}',1,'2020-05-10 22:10:17','2020-07-27 22:08:08'),(54,73,'https://dropbox./vk/autem.png',22770,'{\"owner\": \"Conner Weimann\"}',1,'2012-05-15 03:21:19','2020-07-27 22:08:08'),(55,89,'https://dropbox./vk/pariatur.avi',73806,'{\"owner\": \"Hope Yost\"}',3,'2005-05-12 08:34:05','2020-07-27 22:08:08'),(56,26,'https://dropbox./vk/commodi.jpeg',90719,'{\"owner\": \"Jailyn Nienow\"}',3,'1994-12-20 07:05:56','2020-07-27 12:25:09'),(57,64,'https://dropbox./vk/tempora.jpeg',55494,'{\"owner\": \"Unique Pollich\"}',1,'2001-03-17 17:08:35','2020-07-27 12:25:09'),(58,41,'https://dropbox./vk/et.png',22177,'{\"owner\": \"Will Johnston\"}',3,'2013-09-24 15:30:18','2020-07-27 22:08:08'),(59,11,'https://dropbox./vk/excepturi.png',580011554,'{\"owner\": \"Juvenal Kemmer\"}',1,'2014-09-19 19:17:32','2020-07-27 22:08:08'),(60,32,'https://dropbox./vk/voluptatem.avi',28731,'{\"owner\": \"Sterling Rohan\"}',2,'2009-12-12 00:25:43','2020-07-27 12:25:09'),(61,27,'https://dropbox./vk/ipsa.jpeg',67121,'{\"owner\": \"German Simonis\"}',2,'1999-05-01 09:39:46','2020-07-27 22:08:08'),(62,40,'https://dropbox./vk/molestiae.png',39416,'{\"owner\": \"Geovanny Gislason\"}',3,'2019-02-28 20:19:07','2020-07-27 12:25:09'),(63,19,'https://dropbox./vk/cumque.jpeg',1425,'{\"owner\": \"Randi Brakus\"}',2,'2017-04-02 05:36:28','2020-07-27 22:08:08'),(64,74,'https://dropbox./vk/eos.avi',85715,'{\"owner\": \"Elena Ledner\"}',1,'2010-11-03 02:32:20','2020-07-27 22:08:08'),(65,11,'https://dropbox./vk/quod.avi',100326,'{\"owner\": \"Juvenal Kemmer\"}',3,'2014-09-19 19:17:32','2020-07-27 22:08:08'),(66,35,'https://dropbox./vk/temporibus.png',34489,'{\"owner\": \"Ulises Bergnaum\"}',2,'2010-11-13 03:49:14','2020-07-27 22:08:08'),(67,39,'https://dropbox./vk/molestiae.png',255971323,'{\"owner\": \"Ila Kozey\"}',1,'1999-06-08 05:35:52','2020-07-27 22:08:08'),(68,92,'https://dropbox./vk/consequuntur.mpeg',6360813,'{\"owner\": \"Asia Volkman\"}',2,'2013-01-12 01:58:49','2020-07-27 12:25:09'),(69,40,'https://dropbox./vk/dolor.mpeg',61464,'{\"owner\": \"Geovanny Gislason\"}',1,'2013-04-01 17:47:28','2020-07-27 22:08:08'),(70,23,'https://dropbox./vk/tempora.avi',93856,'{\"owner\": \"Rosina Stiedemann\"}',3,'1991-11-19 01:52:32','2020-07-27 22:08:08'),(71,96,'https://dropbox./vk/dolore.png',27736,'{\"owner\": \"Hellen Larkin\"}',1,'2006-04-08 03:33:37','2020-07-27 22:08:08'),(72,10,'https://dropbox./vk/est.mpeg',4833295,'{\"owner\": \"Zechariah Boyer\"}',2,'1991-08-22 16:14:31','2020-07-27 22:08:08'),(73,62,'https://dropbox./vk/maxime.avi',39713307,'{\"owner\": \"Peter Herzog\"}',3,'2013-02-17 19:09:58','2020-07-27 12:25:09'),(74,78,'https://dropbox./vk/magnam.mpeg',5701,'{\"owner\": \"Grayce Simonis\"}',3,'2013-01-19 19:04:52','2020-07-27 22:08:08'),(75,3,'https://dropbox./vk/sunt.avi',74889,'{\"owner\": \"Johann Considine\"}',3,'2011-12-12 20:10:47','2020-07-27 12:25:09'),(76,80,'https://dropbox./vk/velit.mpeg',497231,'{\"owner\": \"Marianne Gerlach\"}',3,'1997-08-27 05:00:44','2020-07-27 12:25:09'),(77,91,'https://dropbox./vk/ut.avi',82876,'{\"owner\": \"Ada Renner\"}',1,'2016-02-07 11:17:59','2020-07-27 22:08:08'),(78,17,'https://dropbox./vk/quia.png',214393293,'{\"owner\": \"Lyla Pacocha\"}',1,'1996-05-03 18:30:57','2020-07-27 22:08:08'),(79,9,'https://dropbox./vk/enim.png',7848130,'{\"owner\": \"Allene O\'Kon\"}',2,'2017-05-25 22:29:45','2020-07-27 12:25:09'),(80,93,'https://dropbox./vk/quas.png',25376727,'{\"owner\": \"Weldon Shields\"}',3,'1992-12-30 13:58:53','2020-07-27 22:08:08'),(81,40,'https://dropbox./vk/quam.png',79715,'{\"owner\": \"Geovanny Gislason\"}',2,'2013-04-01 17:47:28','2020-07-27 22:08:08'),(82,20,'https://dropbox./vk/similique.jpeg',39948,'{\"owner\": \"Coty Wiegand\"}',2,'2016-12-03 17:26:06','2020-07-27 22:08:08'),(83,81,'https://dropbox./vk/dolorem.mpeg',1505342,'{\"owner\": \"Robert Stanton\"}',1,'2007-02-03 08:35:05','2020-07-27 22:08:08'),(84,43,'https://dropbox./vk/aliquam.mpeg',50594,'{\"owner\": \"Davonte Crona\"}',3,'2000-03-10 01:07:22','2020-07-27 22:08:08'),(85,71,'https://dropbox./vk/quos.avi',23127,'{\"owner\": \"Wilburn Bogisich\"}',2,'2015-01-24 01:34:15','2020-07-27 22:08:08'),(86,24,'https://dropbox./vk/harum.avi',484125938,'{\"owner\": \"Creola Howell\"}',3,'2020-05-10 22:10:17','2020-07-27 22:08:08'),(87,10,'https://dropbox./vk/eligendi.png',99243017,'{\"owner\": \"Zechariah Boyer\"}',1,'1991-08-22 16:14:31','2020-07-27 22:08:08'),(88,75,'https://dropbox./vk/aut.png',53853,'{\"owner\": \"Carli Sawayn\"}',1,'1995-11-30 18:16:50','2020-07-27 22:08:08'),(89,47,'https://dropbox./vk/non.mpeg',99586693,'{\"owner\": \"Isom Spencer\"}',2,'2010-11-12 06:57:21','2020-07-27 12:25:09'),(90,7,'https://dropbox./vk/sunt.png',2873425,'{\"owner\": \"Eugenia Lemke\"}',1,'2010-02-14 02:42:48','2020-07-27 22:08:08'),(91,94,'https://dropbox./vk/doloremque.png',162957858,'{\"owner\": \"Shemar Jaskolski\"}',2,'2005-05-28 10:49:23','2020-07-27 12:25:09'),(92,49,'https://dropbox./vk/qui.avi',854958750,'{\"owner\": \"Taryn Douglas\"}',3,'2018-03-01 11:44:31','2020-07-27 12:25:09'),(93,61,'https://dropbox./vk/similique.avi',89886,'{\"owner\": \"Idell Hudson\"}',2,'2009-03-28 23:16:07','2020-07-27 22:08:08'),(94,58,'https://dropbox./vk/voluptatibus.mpeg',77871,'{\"owner\": \"Veronica Hamill\"}',2,'2019-04-01 12:44:45','2020-07-27 22:08:08'),(95,9,'https://dropbox./vk/pariatur.png',3202394,'{\"owner\": \"Allene O\'Kon\"}',2,'2015-03-11 05:03:38','2020-07-27 22:08:08'),(96,68,'https://dropbox./vk/sunt.png',88596734,'{\"owner\": \"Jessica Johnston\"}',1,'2019-03-12 15:55:34','2020-07-27 22:08:08'),(97,12,'https://dropbox./vk/quos.jpeg',1612271,'{\"owner\": \"Shea Kunde\"}',1,'2002-12-16 05:51:37','2020-07-27 22:08:08'),(98,56,'https://dropbox./vk/repellat.png',82983,'{\"owner\": \"Carmella Stracke\"}',3,'2005-12-31 23:25:12','2020-07-27 22:08:08'),(99,44,'https://dropbox./vk/id.avi',109696,'{\"owner\": \"Faustino Kautzer\"}',2,'2017-09-28 01:29:46','2020-07-27 12:25:09'),(100,49,'https://dropbox./vk/a.mpeg',27560,'{\"owner\": \"Taryn Douglas\"}',3,'2013-09-05 13:45:04','2020-07-27 22:08:08');
/*!40000 ALTER TABLE `media` ENABLE KEYS */;
UNLOCK TABLES;

--
-- Table structure for table `media_types`
--

DROP TABLE IF EXISTS `media_types`;
/*!40101 SET @saved_cs_client     = @@character_set_client */;
/*!50503 SET character_set_client = utf8mb4 */;
CREATE TABLE `media_types` (
  `id` int unsigned NOT NULL AUTO_INCREMENT COMMENT 'Идентификатор строки',
  `name` varchar(255) CHARACTER SET utf8 COLLATE utf8_unicode_ci NOT NULL COMMENT 'Название типа',
  `created_at` datetime DEFAULT CURRENT_TIMESTAMP COMMENT 'Время создания строки',
  PRIMARY KEY (`id`),
  UNIQUE KEY `name` (`name`)
) ENGINE=InnoDB AUTO_INCREMENT=4 DEFAULT CHARSET=utf8 COLLATE=utf8_unicode_ci COMMENT='Типы медиафайлов';
/*!40101 SET character_set_client = @saved_cs_client */;

--
-- Dumping data for table `media_types`
--

LOCK TABLES `media_types` WRITE;
/*!40000 ALTER TABLE `media_types` DISABLE KEYS */;
INSERT INTO `media_types` VALUES (1,'photo','1920-07-27 22:16:17'),(2,'video','1920-07-27 22:16:17'),(3,'audio','1920-07-27 22:16:17');
/*!40000 ALTER TABLE `media_types` ENABLE KEYS */;
UNLOCK TABLES;

--
-- Table structure for table `messages`
--

DROP TABLE IF EXISTS `messages`;
/*!40101 SET @saved_cs_client     = @@character_set_client */;
/*!50503 SET character_set_client = utf8mb4 */;
CREATE TABLE `messages` (
  `id` int unsigned NOT NULL AUTO_INCREMENT COMMENT 'Идентификатор строки',
  `from_user_id` int unsigned DEFAULT NULL,
  `to_user_id` int unsigned DEFAULT NULL,
  `body` text CHARACTER SET utf8 COLLATE utf8_unicode_ci NOT NULL COMMENT 'Текст сообщения',
  `is_important` tinyint(1) DEFAULT NULL COMMENT 'Признак важности',
  `is_delivered` tinyint(1) DEFAULT NULL COMMENT 'Признак доставки',
  `is_modified` tinyint(1) DEFAULT NULL,
  `created_at` datetime DEFAULT CURRENT_TIMESTAMP COMMENT 'Время создания строки',
  `updated_at` datetime DEFAULT CURRENT_TIMESTAMP ON UPDATE CURRENT_TIMESTAMP COMMENT 'Время обновления строки',
  PRIMARY KEY (`id`),
  KEY `messages_from_user_id_fk` (`from_user_id`),
  KEY `messages_to_user_id_fk` (`to_user_id`),
  CONSTRAINT `messages_from_user_id_fk` FOREIGN KEY (`from_user_id`) REFERENCES `users` (`id`) ON DELETE SET NULL,
  CONSTRAINT `messages_to_user_id_fk` FOREIGN KEY (`to_user_id`) REFERENCES `users` (`id`) ON DELETE SET NULL
) ENGINE=InnoDB AUTO_INCREMENT=101 DEFAULT CHARSET=utf8 COLLATE=utf8_unicode_ci COMMENT='Сообщения';
/*!40101 SET character_set_client = @saved_cs_client */;

--
-- Dumping data for table `messages`
--

LOCK TABLES `messages` WRITE;
/*!40000 ALTER TABLE `messages` DISABLE KEYS */;
INSERT INTO `messages` VALUES (1,83,26,'Reprehenderit voluptatum ut eveniet. Deserunt nihil blanditiis suscipit et id. Atque voluptatibus veritatis nesciunt fugiat et et qui.',0,1,NULL,'2018-01-04 14:06:21','2020-07-27 22:22:42'),(2,25,75,'Fugit dolores nihil illum tempora. Praesentium voluptas occaecati similique quia omnis quae ratione. Iusto ea aut ipsa voluptate in laborum voluptatem cum. Et voluptates molestiae modi doloribus. Asperiores quos qui porro aut.',1,1,NULL,'2005-02-02 03:48:28','2020-07-27 22:22:42'),(3,73,97,'Est id et ut sed. Quaerat reiciendis in minima perspiciatis voluptas. Aut amet quia quia rem quis dignissimos dolor.',1,1,NULL,'1995-11-03 06:26:03','2020-07-27 22:22:42'),(4,92,59,'Deserunt libero quibusdam alias voluptatem suscipit atque est culpa. Soluta omnis necessitatibus inventore praesentium voluptate molestiae eveniet. Est laudantium minima totam. Ut quos temporibus occaecati atque amet ea. Possimus temporibus est eos vero.',0,0,NULL,'1999-06-07 18:09:33','2020-07-27 22:22:42'),(5,40,4,'Quis non et voluptatem. Fuga impedit quia nulla quam molestiae sit. Quo nobis voluptatem sed recusandae rerum esse. Nobis quo dolorem quidem ab voluptatem.',0,1,NULL,'2000-09-10 12:11:00','2020-07-27 22:22:42'),(6,22,43,'Necessitatibus sapiente laborum est quo fuga qui ut. Dolores rerum illo quia eaque est. Quo eligendi autem voluptatibus et et sunt dicta. Quia inventore explicabo at ut eos dolor quaerat.',0,1,NULL,'2007-12-01 23:51:23','2020-07-27 22:22:42'),(7,92,2,'Non fugiat molestias deserunt ipsam debitis iste quis rerum. Qui dolore sint enim vitae ut.',0,1,NULL,'1997-04-08 06:55:36','2020-07-27 22:22:42'),(8,90,81,'Doloremque labore voluptatem minima. Sit qui tempore ducimus voluptatibus. Qui temporibus est et. Quas et illum laboriosam a assumenda voluptatem quae.',0,1,NULL,'1998-04-24 20:32:16','2020-07-27 22:22:42'),(9,76,98,'Architecto ut quod non repellendus eligendi error voluptas. Aut nulla harum reprehenderit sed cum facilis nulla. Est excepturi at id praesentium reiciendis et vel.',0,1,NULL,'2013-03-19 04:30:20','2020-07-27 22:22:42'),(10,10,45,'Sint velit eaque quae qui consequatur eaque atque laborum. Sed nobis sint rem molestiae rerum.',1,1,NULL,'2016-03-29 00:19:33','2020-07-27 22:22:42'),(11,19,32,'Praesentium nemo non laudantium sapiente neque. Ipsum dolor perferendis sit amet qui. Mollitia iure ut ut sint. Omnis placeat molestias eos aperiam adipisci provident. Nam aperiam optio quis.',1,0,NULL,'2015-09-14 06:29:28','2020-07-27 22:22:42'),(12,66,26,'Quo non aliquam quod ex perferendis nisi. Maxime labore exercitationem tempore culpa iusto deleniti. Aspernatur beatae minima qui. Excepturi eveniet velit impedit et rem.',0,1,NULL,'1999-07-14 04:42:50','2020-07-27 22:22:42'),(13,74,34,'Recusandae adipisci ullam sapiente delectus nam ut molestiae. Rem tempora at a aut labore. Sit quis et et sunt nihil expedita. Molestiae corrupti et illo eos.',0,1,NULL,'2006-10-31 13:41:09','2020-07-27 22:22:42'),(14,71,89,'Dolore veritatis quidem dolores adipisci. Optio perferendis eos voluptatem sint voluptatem. Aliquid rerum sapiente officia quia rerum aut modi.',0,1,NULL,'2016-12-25 07:09:24','2020-07-27 22:22:42'),(15,32,42,'Magnam aut quia quasi deserunt. Atque dolorem enim totam praesentium debitis natus. Unde blanditiis consequatur rerum maxime laboriosam hic. Porro consectetur ut quis quas fuga.',1,0,NULL,'2014-07-19 23:14:09','2020-07-27 22:22:42'),(16,46,45,'Eligendi debitis quam eveniet. Cum aut neque exercitationem alias. Vero consequatur quia voluptatem et.',1,0,NULL,'2010-07-04 20:04:32','2020-07-27 22:22:42'),(17,36,99,'Unde minima corporis aliquid qui. Nobis ea ipsa ducimus pariatur. Sed earum perferendis est id cupiditate consectetur.',0,1,NULL,'2008-07-13 17:47:04','2020-07-27 22:22:42'),(18,39,59,'Dolorem sapiente id fuga itaque illum fugit qui nihil. Consequatur quos sed et ut. Itaque aut enim cupiditate voluptatibus veniam aperiam. Facere illum beatae culpa quod error dolor iure fugit.',1,1,NULL,'2015-04-12 21:52:05','2020-07-27 22:22:42'),(19,89,97,'Ad similique harum itaque non hic. Sed ipsa odit facere assumenda cupiditate. Libero aut laborum et distinctio deleniti consequatur eaque.',1,1,NULL,'2007-12-27 08:00:08','2020-07-27 22:22:42'),(20,25,9,'Adipisci impedit enim est nemo ducimus adipisci et. Eius et vero ipsa rerum. Necessitatibus sit laboriosam velit ab.',0,0,NULL,'2004-04-17 05:28:06','2020-07-27 22:22:42'),(21,60,53,'Soluta a quis et aut incidunt. Quia harum et sed hic. Et odit quibusdam tenetur recusandae aut totam sed exercitationem.',1,1,NULL,'2010-02-26 12:20:39','2020-07-27 22:22:42'),(22,23,38,'Dignissimos architecto quaerat voluptatum velit quod sed. Est possimus sit sed aut ut exercitationem. Ullam unde eligendi animi ducimus aut quia ut placeat. Aperiam eligendi deleniti quis nam.',0,0,NULL,'1995-03-05 05:59:40','2020-07-27 22:22:42'),(23,36,29,'Sapiente temporibus quas aut voluptas. Quisquam optio et error dicta. Aut cupiditate et nesciunt rerum ut aut. Eum porro quasi sunt praesentium modi velit.',1,1,NULL,'2013-12-21 08:14:39','2020-07-27 22:22:42'),(24,8,30,'Expedita saepe fugit atque in. Sunt iusto sit et ex deleniti rem qui. Est assumenda voluptatem maxime atque deleniti. Delectus consequuntur quaerat dolores.',1,1,NULL,'2018-05-10 14:39:14','2020-07-27 22:22:42'),(25,33,62,'Qui non dicta placeat ducimus. Nulla rerum error officiis nostrum animi esse dolorum. Consequatur in ipsa sed dolore itaque quisquam natus est. Eius blanditiis sint ut tempore eveniet tempore voluptates accusantium. Omnis qui sed sit asperiores enim.',0,0,NULL,'2014-10-19 11:59:15','2020-07-27 22:22:42'),(26,41,21,'Pariatur distinctio et corporis quia ut cumque. Tempora dolorem et mollitia. Reiciendis iure ipsa est perferendis quia placeat.',1,1,NULL,'2009-06-16 18:04:00','2020-07-27 22:22:42'),(27,6,18,'Qui cupiditate eveniet dolorem alias sed est id. Tenetur dolorum est qui nisi et dicta sed corrupti.',0,0,NULL,'1999-05-17 10:35:44','2020-07-27 22:22:42'),(28,5,28,'Non alias consequatur sed aut et in consequuntur ipsam. Ut incidunt tempora excepturi aliquid. Commodi animi modi quod sequi eum aut sit. Rerum unde laudantium officia et eius placeat.',1,0,NULL,'2007-07-02 19:27:19','2020-07-27 11:42:59'),(29,6,83,'Est enim blanditiis necessitatibus. Sunt voluptates labore id quod rem nemo alias consequatur. Sunt voluptatem ab ex consequatur autem. Rerum enim autem ipsa sapiente.',0,1,NULL,'1992-10-17 22:06:36','2020-07-27 22:22:42'),(30,17,32,'Esse rerum nesciunt assumenda enim possimus neque dicta. Aut aliquam inventore blanditiis magni sit dolores. Cupiditate accusantium sed facere neque voluptatem non.',0,1,NULL,'1994-06-16 20:23:17','2020-07-27 22:22:42'),(31,64,12,'Quisquam magnam nostrum neque hic saepe. Velit delectus aut tempore porro dolore. Nihil veniam a et molestias facilis.',0,1,NULL,'2010-08-14 00:21:18','2020-07-27 22:22:42'),(32,69,60,'Repudiandae voluptas nesciunt expedita placeat sint. Voluptates ab saepe laudantium molestiae assumenda et autem. Qui repudiandae ad quia aut. Nesciunt omnis nihil iure praesentium facere vel et.',0,0,NULL,'2002-10-02 21:57:29','2020-07-27 22:22:42'),(33,52,66,'Nihil nostrum rerum ducimus quibusdam recusandae tenetur. Perspiciatis nemo hic et eligendi alias at. Explicabo itaque reprehenderit laborum quia quas in.',0,0,NULL,'1999-08-29 00:39:01','2020-07-27 22:22:42'),(34,52,50,'Neque quia necessitatibus accusantium nihil voluptate occaecati consectetur. Qui sed iusto fugiat non. Qui voluptas eum ut et. Neque aut ipsa minus ad aut voluptas consequuntur fuga.',0,1,NULL,'1996-07-29 07:46:33','2020-07-27 22:22:42'),(35,4,53,'Et et nam ut. Et cumque similique perspiciatis. Aut molestiae quisquam qui dolores aut similique necessitatibus. Laborum quis expedita doloremque aut sunt suscipit dolorem sit.',1,1,NULL,'2007-04-04 05:10:19','2020-07-27 22:22:42'),(36,65,11,'Non illo ab ipsum delectus adipisci est labore quibusdam. Atque et perspiciatis consequatur necessitatibus non. Optio corrupti quia dolor. Provident sunt qui qui.',0,0,NULL,'2005-09-08 03:56:54','2020-07-27 22:22:42'),(37,10,96,'Eaque quis et quidem itaque ut quas. Delectus voluptatum tempore nobis eaque autem. Ea deleniti doloremque dicta adipisci accusantium quae illum.',0,0,NULL,'1997-03-19 13:38:35','2020-07-27 22:22:42'),(38,55,46,'Aut mollitia ea dolor laboriosam quisquam et molestiae. Illo id rerum necessitatibus harum. Incidunt ut quos odit ipsam qui.',0,0,NULL,'2016-05-13 07:45:06','2020-07-27 22:22:42'),(39,43,42,'Atque aut debitis voluptate voluptas aliquam impedit. Unde reiciendis qui cumque asperiores. Maiores et accusantium dicta necessitatibus voluptatibus illo neque. Dicta nemo et voluptatem commodi.',1,1,NULL,'1997-08-13 17:01:04','2020-07-27 22:22:42'),(40,50,72,'Ea delectus non amet. Maiores nam dolorem officiis aspernatur omnis. Omnis eum voluptatibus voluptate qui. Cumque animi deserunt recusandae porro voluptas.',1,0,NULL,'2009-09-13 10:34:00','2020-07-27 22:22:42'),(41,23,33,'Asperiores delectus accusantium sed eligendi velit. Corporis quibusdam libero debitis esse explicabo. Natus quasi sed quo magnam enim. Similique et dolor voluptatem dicta et fugiat. Enim quos error sapiente tempora.',1,0,NULL,'2016-06-02 09:09:27','2020-07-27 22:22:42'),(42,63,48,'Qui reiciendis et et quo. Minima voluptates aut rerum voluptate. Culpa voluptatem id iusto tempore facilis enim consequatur.',1,0,NULL,'2002-08-07 16:38:28','2020-07-27 22:22:42'),(43,47,41,'Blanditiis non at sit eum qui aliquid. Harum et dicta accusamus aliquid. Dolor voluptatem consequuntur id voluptatem. Consequatur qui recusandae ut aut dolores et.',1,0,NULL,'2006-02-17 01:56:13','2020-07-27 22:22:42'),(44,43,61,'Dolore eveniet voluptatibus distinctio est dolores odit. Reprehenderit distinctio ea dolore qui id. Iusto saepe laudantium illum eum error libero sunt. Ut ad velit harum labore.',0,1,NULL,'1994-04-19 11:17:00','2020-07-27 22:22:42'),(45,74,80,'Aspernatur sit ad ut inventore vitae deserunt. Corporis enim inventore et. Modi est dolor vitae eaque sequi quia. Deserunt et enim dolor voluptas quaerat repellat officia.',0,1,NULL,'1999-11-10 12:26:54','2020-07-27 22:22:42'),(46,39,16,'Explicabo enim aliquam facilis possimus totam et blanditiis reprehenderit. Autem quas laborum voluptatum totam enim aspernatur consequatur.',1,0,NULL,'2007-01-01 07:30:41','2020-07-27 22:22:42'),(47,74,40,'Qui repudiandae illum et expedita veritatis. Quibusdam asperiores placeat accusantium ut et rem animi. Sint consequatur libero voluptatem facere voluptatem et.',1,1,NULL,'2018-05-13 03:36:09','2020-07-27 22:22:42'),(48,54,51,'Eos dolore ipsa quis sint omnis vel et. Error eaque quod itaque. Consequuntur odio repudiandae magni quod.',1,0,NULL,'1994-05-10 09:48:17','2020-07-27 22:22:42'),(49,47,36,'Vero ratione et velit voluptatum eligendi. Iste natus eum et quos. Rerum officia rem eligendi iste est ipsam officia voluptatum.',1,0,NULL,'2014-08-22 18:41:28','2020-07-27 22:22:42'),(50,74,24,'Sit eos ut consequatur ipsam voluptatem id sunt. Voluptate aut qui veritatis et. Optio ut sed quasi esse qui velit facere. Nemo magni sapiente odio odio.',1,1,NULL,'2018-08-11 23:43:49','2020-07-27 22:22:42'),(51,25,14,'Dolores sed recusandae quos quos numquam maxime quisquam officia. Reprehenderit eligendi tempore nobis. Rerum dolorum culpa est placeat. Non suscipit necessitatibus voluptas dolores quas magni aut.',1,1,NULL,'2010-06-13 11:38:06','2020-07-27 22:22:42'),(52,5,95,'Debitis doloremque ea asperiores pariatur sit. Cupiditate doloremque aut earum similique quisquam totam quis tenetur. Eos delectus officia omnis quasi illum cum repellendus.',1,0,NULL,'2010-03-01 10:05:50','2020-07-27 22:22:42'),(53,47,33,'Maiores velit qui cumque harum. Natus tenetur nihil a dolorem quia autem et alias. Laborum molestias ipsam alias qui pariatur.',0,1,NULL,'2006-08-11 15:55:24','2020-07-27 22:22:42'),(54,22,79,'Hic quia totam qui nisi enim quia. Consectetur libero est ut. Ducimus quia architecto sunt sint itaque. Eaque debitis aperiam impedit.',1,1,NULL,'2005-10-06 19:41:10','2020-07-27 22:22:42'),(55,68,97,'Et quia odit cum rerum nostrum. Et sint est sunt ut aliquid.',0,1,NULL,'1995-08-17 23:52:30','2020-07-27 22:22:42'),(56,73,47,'Quas omnis provident cupiditate ratione. Illum officiis eos aut perspiciatis repudiandae modi fugiat. Aliquid temporibus laudantium voluptas autem harum molestias. Ratione in architecto at ipsa.',1,0,NULL,'1998-02-04 13:50:57','2020-07-27 22:22:42'),(57,59,45,'Ipsam inventore omnis laboriosam error ullam vel. Et dolor autem porro sit libero quae minima.',1,0,NULL,'2007-04-01 15:28:21','2020-07-27 22:22:42'),(58,76,82,'Iusto officiis rerum officia ut voluptatem. Aliquam aliquid in nihil aut explicabo. Et quaerat quia sunt accusamus.',0,1,NULL,'1998-02-04 22:45:53','2020-07-27 22:22:42'),(59,3,76,'Magnam voluptatum dolor expedita quia. Animi enim nesciunt dicta voluptatem quibusdam aliquid molestiae.',0,0,NULL,'2018-10-08 03:27:43','2020-07-27 22:22:42'),(60,85,34,'Mollitia voluptatibus rem sit laborum ex. Voluptas fuga enim ut aut. Atque qui voluptatum nemo voluptatem doloribus sunt.',1,0,NULL,'1994-12-09 16:54:43','2020-07-27 22:22:42'),(61,16,41,'Id incidunt dolorum assumenda repudiandae reprehenderit nam provident. Labore facere dolore repellat vero qui. Autem dolor quos aut sed voluptatibus iste. Dicta sequi blanditiis quaerat nesciunt.',0,0,NULL,'1995-03-21 18:00:08','2020-07-27 22:22:42'),(62,25,100,'Dolor quis harum quos beatae sed. Eveniet soluta impedit quasi ut aliquam. Consequatur quis repudiandae dolor vero voluptatem sunt.',1,0,NULL,'2012-03-15 03:13:07','2020-07-27 22:22:42'),(63,76,79,'Quis aut voluptate ex maxime quisquam quis et cupiditate. Voluptas id nihil molestiae quod molestiae quam. Tempora dignissimos at repellat iste. Aut soluta reprehenderit ratione necessitatibus libero sit est.',1,0,NULL,'1996-01-27 20:43:57','2020-07-27 22:22:42'),(64,6,93,'Ut molestiae inventore eos mollitia eveniet id. Iste illum natus voluptatem. Repudiandae laborum nam cum deleniti excepturi corporis. Iusto exercitationem quam rerum rerum corporis.',0,0,NULL,'1996-06-21 02:55:53','2020-07-27 22:22:42'),(65,100,28,'Laboriosam est unde reprehenderit nemo vero error est. Necessitatibus possimus impedit sed dolor rerum ullam necessitatibus hic. Dolor qui consequatur quaerat pariatur et repellat facilis.',1,1,NULL,'1991-06-30 10:21:06','2020-07-27 22:22:42'),(66,83,59,'Est nihil quia omnis quia. Id a reprehenderit ab vel illo. Neque quasi voluptate numquam maxime. Incidunt qui eius sed voluptatem ut animi fugit.',1,1,NULL,'2006-02-26 00:59:52','2020-07-27 22:22:42'),(67,14,10,'Quaerat in quia illo expedita. Suscipit accusamus fugit in et deleniti omnis rerum. Velit quae ullam enim non tempore dolores. Cum quam quibusdam quia saepe est.',1,1,NULL,'2008-12-26 19:36:18','2020-07-27 22:22:42'),(68,19,73,'Iusto nulla repellat cumque omnis dolor voluptates. Magnam facere et quia omnis quaerat. Temporibus modi corrupti quidem et autem blanditiis veniam. Eos saepe dolore cupiditate necessitatibus maiores doloribus.',1,1,NULL,'1995-08-03 07:03:39','2020-07-27 22:22:42'),(69,52,37,'Quos aut ut et tempora. Asperiores incidunt eum dolorem doloremque maiores ab ab. Non voluptatem sequi nam voluptatem itaque autem commodi dolores. Unde ut ea in sunt.',0,0,NULL,'1990-09-27 03:25:34','2020-07-27 22:22:42'),(70,6,62,'Corrupti excepturi numquam cum aut magni eos cupiditate harum. Fuga voluptas quidem commodi facere sint saepe. Exercitationem voluptas quas perspiciatis dolorum quisquam dolorem. Similique expedita quod non iste doloribus.',0,1,NULL,'1992-02-03 08:51:15','2020-07-27 22:22:42'),(71,70,100,'Consectetur ipsa nemo facilis quia. Quam itaque exercitationem molestias. Nemo qui repellat quod odit.',1,1,NULL,'2018-09-30 19:37:18','2020-07-27 22:22:42'),(72,31,12,'Est eius voluptas sit qui itaque incidunt. Ipsum quaerat ad fuga qui cumque quis iure nihil. Cum hic voluptatem voluptatem in qui dolor. Occaecati dolor aliquid maiores qui voluptatem qui. Animi maxime esse illum est voluptas aperiam qui.',0,1,NULL,'1995-03-24 03:02:53','2020-07-27 22:22:42'),(73,47,59,'Consequatur sunt saepe nemo quisquam. In nisi et illo ab odio eaque ut autem. Sit dolor ratione eligendi ea et dolor non tempore.',0,0,NULL,'2016-08-15 14:21:09','2020-07-27 22:22:42'),(74,42,59,'Rerum perferendis inventore amet voluptatem. Consequatur deserunt rerum qui sint. Voluptatem autem voluptas autem architecto ratione temporibus ullam.',0,1,NULL,'2004-01-08 18:35:14','2020-07-27 22:22:42'),(75,68,18,'Inventore velit sunt rerum sint. Repudiandae nisi amet recusandae maiores reprehenderit. Reiciendis et dolore harum perferendis. Tenetur eius nobis ut recusandae mollitia aperiam ratione molestiae.',1,1,NULL,'2000-04-13 05:04:56','2020-07-27 22:22:42'),(76,11,15,'Dolor quia voluptate vel ab dicta nihil veritatis. Magnam et tempore unde magnam. Nostrum dolores deserunt dolor. Nisi est blanditiis similique culpa omnis.',1,0,NULL,'2008-03-18 12:36:29','2020-07-27 22:22:42'),(77,54,17,'Optio dignissimos et odio qui ipsa. Amet tenetur itaque praesentium ut autem omnis voluptatem. Repudiandae pariatur nemo et est blanditiis quia.',0,1,NULL,'2005-06-13 02:05:18','2020-07-27 22:22:42'),(78,34,40,'Repellendus libero minus id eius. Qui quod et expedita. Quaerat dolorem molestias ut aut ut rerum aspernatur.',1,0,NULL,'2006-11-13 14:53:35','2020-07-27 22:22:42'),(79,9,49,'Quia excepturi repellat et modi enim reiciendis. Consectetur explicabo hic architecto facilis dolor eaque. Minima rem ea quia molestiae. Laboriosam architecto dignissimos magnam repudiandae debitis accusantium.',0,1,NULL,'1997-04-28 02:05:04','2020-07-27 22:22:42'),(80,42,25,'Consequatur voluptatem esse eos sapiente dicta eius. Facilis qui praesentium et libero soluta. Ut voluptas dolores id incidunt reprehenderit cum. Voluptatem necessitatibus voluptatem atque impedit voluptate repellendus.',1,0,NULL,'1997-12-24 17:41:06','2020-07-27 22:22:42'),(81,83,75,'Consequatur iste voluptatem eos non rem recusandae. Non consequatur voluptatum sit placeat soluta eaque pariatur. Occaecati expedita dolor hic doloremque qui. Cupiditate sint aliquam tempora dolores at. Quis in aut adipisci suscipit reprehenderit nobis animi.',1,1,NULL,'2010-05-17 00:40:00','2020-07-27 22:22:42'),(82,88,1,'Blanditiis accusantium veniam voluptate quia aliquid. Itaque reiciendis modi magni adipisci fugit quidem nulla. Est velit nulla dolor quia.',0,0,NULL,'2004-04-05 23:12:08','2020-07-27 22:22:42'),(83,89,81,'Nobis natus quia et ducimus fuga maiores. Aspernatur eum sed blanditiis illo laborum. Animi qui sit et minus. Est voluptas rem voluptates vero doloremque aliquid.',1,1,NULL,'1993-10-31 00:54:53','2020-07-27 22:22:42'),(84,81,1,'Libero et dolores omnis. Est rerum eos similique quis nesciunt rerum fugiat. Vero nihil et natus et vel fuga.',0,0,NULL,'1998-02-23 12:00:21','2020-07-27 22:22:42'),(85,37,59,'Et adipisci voluptatibus quisquam voluptatem temporibus quo. Assumenda possimus veniam error sunt nam deserunt dolor. Vel et sed sit reprehenderit reiciendis iste incidunt consectetur.',0,1,NULL,'2015-11-26 22:12:28','2020-07-27 22:22:42'),(86,43,93,'Et aut non dolores aspernatur iusto repellendus. Illo officiis eos sit provident necessitatibus ut.',0,1,NULL,'2019-04-06 16:14:45','2020-07-27 22:22:42'),(87,2,87,'Totam fuga culpa doloribus et est qui aut. Deleniti id ut voluptatum ut occaecati. Nesciunt et neque et illo quisquam. Aut occaecati expedita et sit voluptas quae.',1,1,NULL,'2002-12-01 14:57:26','2020-07-27 11:42:59'),(88,80,57,'A commodi odit perferendis earum. Ut aut ea nihil qui facilis autem. Eaque libero sint qui quod a quis.',0,0,NULL,'1999-05-25 09:59:58','2020-07-27 22:22:42'),(89,95,24,'Omnis veritatis ipsa iusto temporibus nisi veritatis. Enim sed rerum non qui non consequatur. Iure qui dolore corporis molestias impedit expedita. Voluptate quis molestias velit aut eius hic aut.',0,1,NULL,'2015-01-11 08:52:18','2020-07-27 22:22:42'),(90,33,49,'Voluptatum dolorem ducimus in nisi ut dicta repellat. Dolor dolore autem maxime explicabo in odit.',0,0,NULL,'2004-02-02 09:43:14','2020-07-27 22:22:42'),(91,80,73,'Enim non aliquid impedit eveniet dolorem molestias sequi. Debitis sit molestias sit recusandae sint tenetur doloribus. Tempore est ut modi maiores ut tenetur enim occaecati. Nostrum rem magni magni.',0,1,NULL,'1996-02-06 20:44:16','2020-07-27 22:22:42'),(92,3,17,'Sequi aliquid iusto quibusdam cumque quidem. Placeat nihil repudiandae fuga. Iusto nulla enim in adipisci.',1,1,NULL,'1998-01-05 15:09:52','2020-07-27 22:22:42'),(93,72,64,'Hic ea quos magni non sit quod ipsum. Quia id tempora at nostrum. Corporis voluptatem vitae rerum porro qui.',1,0,NULL,'2003-06-29 01:00:48','2020-07-27 22:22:42'),(94,49,68,'Aut quia cumque quod ut. Quaerat et quae autem aut aut. Omnis praesentium incidunt autem. Deleniti culpa ullam officia et eveniet rerum.',0,0,NULL,'2006-09-29 07:54:33','2020-07-27 22:22:42'),(95,31,48,'Perspiciatis voluptates qui dolorem. Nihil natus hic impedit occaecati. Ratione similique modi in impedit sit iure hic.',0,1,NULL,'2013-01-13 23:14:16','2020-07-27 22:22:42'),(96,5,37,'Consectetur iusto dolor iste porro. Aspernatur sint nostrum debitis error laborum omnis. Enim illum aut sit saepe. Maiores laborum incidunt dolores. Sit quibusdam iure enim et facilis distinctio.',0,0,NULL,'2015-04-29 05:13:54','2020-07-27 22:22:42'),(97,34,42,'Hic rerum iure in aut. Ex et quia in autem at. Non aut voluptas magnam. Non a et praesentium repellendus excepturi vel corrupti.',1,0,NULL,'2018-10-16 00:29:54','2020-07-27 22:22:42'),(98,54,95,'Vero consequatur tenetur quo voluptas molestias. Qui consequatur tempora vitae quaerat. Fugiat delectus quo placeat. Rem et amet porro exercitationem sequi quasi culpa.',0,0,NULL,'2017-02-17 16:49:24','2020-07-27 22:22:42'),(99,67,50,'Nemo dolor voluptatem adipisci. Cumque eos excepturi qui voluptate vitae eos repudiandae. Ipsa harum provident eum recusandae. Maiores consequatur iure aut modi qui.',1,1,NULL,'1990-08-19 05:56:02','2020-07-27 22:22:42'),(100,71,64,'Id et qui ducimus corrupti. Praesentium impedit non non et fugit debitis adipisci. Consequatur accusantium nesciunt eos soluta optio velit voluptates et. Fuga enim distinctio voluptate.',1,1,NULL,'2010-11-19 21:51:13','2020-07-27 22:22:42');
/*!40000 ALTER TABLE `messages` ENABLE KEYS */;
UNLOCK TABLES;

--
-- Table structure for table `posts`
--

DROP TABLE IF EXISTS `posts`;
/*!40101 SET @saved_cs_client     = @@character_set_client */;
/*!50503 SET character_set_client = utf8mb4 */;
CREATE TABLE `posts` (
  `id` int unsigned NOT NULL AUTO_INCREMENT,
  `user_id` int unsigned NOT NULL,
  `community_id` int unsigned DEFAULT NULL,
  `head` varchar(255) CHARACTER SET utf8 COLLATE utf8_unicode_ci DEFAULT NULL,
  `body` text CHARACTER SET utf8 COLLATE utf8_unicode_ci NOT NULL,
  `media_id` int unsigned DEFAULT NULL,
  `is_public` tinyint(1) DEFAULT '1',
  `is_archived` tinyint(1) DEFAULT '0',
  `views_counter` int unsigned DEFAULT '0',
  `created_at` datetime DEFAULT CURRENT_TIMESTAMP,
  `updated_at` datetime DEFAULT CURRENT_TIMESTAMP ON UPDATE CURRENT_TIMESTAMP,
  PRIMARY KEY (`id`)
) ENGINE=InnoDB AUTO_INCREMENT=201 DEFAULT CHARSET=utf8 COLLATE=utf8_unicode_ci;
/*!40101 SET character_set_client = @saved_cs_client */;

--
-- Dumping data for table `posts`
--

LOCK TABLES `posts` WRITE;
/*!40000 ALTER TABLE `posts` DISABLE KEYS */;
INSERT INTO `posts` VALUES (1,53,18,'Est et sunt natus eos quo ea quia.','Nihil suscipit vero tempore quis. Voluptatibus rerum sint et est. Qui atque magni maxime et hic qui. Illum quia rerum vel dolorem nam.',34,1,1,83,'1987-03-09 08:30:17','2020-08-03 19:49:30'),(2,41,9,'Voluptas eum est laboriosam est dolorem.','Similique quia recusandae ut voluptatem. Quod dolores magni accusantium totam ut quaerat. Ipsum nostrum laboriosam eaque laboriosam ut qui dolorem. Est vel vitae labore.',62,1,1,3001,'1996-02-27 12:40:21','2020-08-03 19:49:30'),(3,29,9,'Asperiores nesciunt explicabo est eveniet voluptas pariatur.','Officia numquam possimus eveniet voluptas ipsum doloremque explicabo iure. Soluta animi repudiandae est deserunt at consequatur sit. Doloribus quia dolorum ad et et. Mollitia corrupti repudiandae eveniet rem assumenda dolorum.',23,1,1,73051175,'1996-04-01 13:53:21','2020-08-03 19:49:30'),(4,21,1,'Est odio excepturi omnis molestias aliquid.','Et ipsum molestias ab quia aut vitae est laudantium. Neque eligendi et ut recusandae quasi sunt. Cupiditate dolores dolor ut.',2,1,0,314495,'1986-01-10 14:55:39','2020-08-03 19:49:30'),(5,12,15,'Et est nesciunt harum blanditiis neque vel.','Fugiat quae praesentium qui aperiam ullam. Aut impedit fugiat eos ut. Itaque est hic facere accusantium pariatur aut illum.',47,1,1,968368,'1985-11-30 05:45:39','2020-08-03 19:49:30'),(6,90,13,'Suscipit consectetur cupiditate culpa repudiandae quo architecto sed id.','Aut soluta eum voluptatem et veniam. Atque velit non culpa ut mollitia consequatur aut et. Quia enim minima occaecati porro iure molestiae minus quidem. Quis quidem ullam ullam officia enim consequatur explicabo.',80,0,0,407132,'1981-04-12 18:38:43','2020-08-03 19:49:30'),(7,50,17,'Harum et et quo quam omnis sit in.','Velit praesentium corrupti dicta dolor ea quasi dignissimos. Impedit est aut ipsum qui quod. Facere recusandae non aut culpa.',65,1,1,97539043,'2006-01-04 16:19:38','2020-08-03 19:49:30'),(8,14,8,'Earum officia error officiis a architecto doloribus id.','Rerum possimus iusto earum ipsam quia molestias. Non incidunt quia culpa fugit. Ratione laborum rerum ea. Commodi est iusto nisi eveniet.',73,1,0,58271704,'2017-02-04 07:22:54','2020-08-03 19:49:30'),(9,43,9,'Qui nostrum qui eaque eum ut molestias.','Molestias aut nisi veniam hic et temporibus cumque. Nesciunt quaerat rerum maiores laboriosam. Accusantium magnam aperiam corrupti.',30,1,1,63,'1975-08-15 21:36:02','2020-08-03 19:49:30'),(10,62,20,'Aut culpa ipsa aut quo quidem voluptas odit.','Rerum eum earum et nihil esse voluptatibus officia. Aspernatur quas occaecati minima et beatae repudiandae aspernatur. Cumque repellendus omnis alias atque.',9,0,1,7407,'1973-08-16 08:57:10','2020-08-03 19:49:30'),(11,8,12,'Et vitae et rerum magni qui.','In ullam eligendi distinctio recusandae recusandae nobis. Perspiciatis eaque id assumenda veritatis inventore est velit. Ut fugiat sunt nesciunt accusamus doloribus.',9,0,0,0,'1991-07-13 09:55:47','2020-08-03 19:49:30'),(12,16,2,'Omnis eum sequi dignissimos consectetur dolorem labore qui.','Sit eos neque et quisquam ipsam quidem. Nisi sit animi ut aliquam omnis. Inventore inventore ut harum. Neque non aliquam mollitia architecto.',53,0,0,858670495,'1974-11-05 12:38:39','2020-08-03 19:49:30'),(13,9,11,'Quo quidem officiis tempora sit eum ut.','Magni voluptatem ut temporibus aut dignissimos veritatis rerum. Facere dignissimos vero in. Eligendi facilis voluptatibus assumenda debitis. Accusantium eos aut saepe libero quo consequatur.',79,1,1,3941575,'1985-02-20 00:18:26','2020-08-03 19:49:30'),(14,87,7,'Voluptatum quis dolorem qui molestiae.','Ratione enim aliquid aut rerum. Ipsum ut officia sunt asperiores labore mollitia. Unde eos nemo et molestiae voluptatem magni sapiente. Incidunt adipisci deleniti aut eaque qui.',46,1,1,727677070,'1991-01-30 06:51:21','2020-08-03 19:49:30'),(15,50,3,'Neque est consequuntur ut aut architecto at.','Et autem dicta minus eos voluptas. Dolores neque quia exercitationem eligendi ut. Qui ab numquam magnam ea aliquid molestiae.',100,1,0,921099,'1989-08-03 04:40:42','2020-08-03 19:49:30'),(16,99,16,'Sed et inventore aliquam aliquid.','Et id aut quas labore enim rerum ex. Enim nihil aliquam eum. Voluptas molestias non ipsa iste aut. Aut nemo ut hic eaque.',99,0,0,0,'2018-08-31 08:43:15','2020-08-03 19:49:30'),(17,23,7,'Voluptas non non est reprehenderit excepturi voluptatum porro.','Eum libero sunt dolorem pariatur. Officiis laborum aliquid asperiores tenetur aut nobis. Quos deserunt recusandae eum odio.',100,1,0,0,'2000-04-12 08:16:13','2020-08-03 19:49:30'),(18,61,6,'Rem natus qui aut laudantium accusantium reprehenderit iste.','Cum nemo veniam commodi rerum cum. Sed voluptatem ut quasi neque tenetur ut. Sit doloremque numquam ea consequuntur alias labore a.',34,0,0,763302832,'1986-01-06 10:04:54','2020-08-03 19:49:30'),(19,32,12,'Quibusdam quia voluptatibus et et est facilis.','Aut dolore necessitatibus occaecati dolores nostrum animi. Autem amet temporibus repudiandae ipsum. Eos aperiam explicabo et autem.',17,1,1,3143099,'1999-06-06 03:29:17','2020-08-03 19:49:30'),(20,91,18,'Quis omnis velit qui ut eos.','Esse ullam iusto est dolor sint. Aut delectus ex sed culpa et doloremque fuga. Ab quis mollitia porro aut dolores libero.',32,0,1,57195169,'2000-05-17 22:55:36','2020-08-03 19:49:30'),(21,67,16,'A vel vel non dignissimos.','Atque repudiandae fugiat vel iste sed commodi non at. Officia dolor ut magnam labore minima voluptate. Sit officiis ea optio autem doloremque nihil dicta.',24,0,1,628,'2000-02-10 12:57:56','2020-08-03 19:49:30'),(22,19,7,'Tempore quia id rerum facilis deserunt.','Et quia odit quo asperiores. Molestiae voluptatem nihil quia cum et recusandae. Ipsum eligendi alias est quidem esse et. Ea voluptate tenetur ut eaque.',52,1,0,9276706,'2016-03-17 05:28:32','2020-08-03 19:49:30'),(23,78,3,'Soluta sit et commodi aut molestiae ipsam.','Aliquid veritatis et culpa voluptatum voluptatem. Ipsum voluptatibus praesentium est fugiat magnam. Ducimus cumque iste omnis et velit quo. Magnam hic quia consequatur ipsa.',71,0,1,0,'1973-02-15 12:24:21','2020-08-03 19:49:30'),(24,34,15,'Facere et itaque corporis temporibus quisquam aut et.','Dicta sit quo perspiciatis. Occaecati et corrupti sit recusandae minima. Provident inventore et neque culpa labore. Exercitationem non eos et nobis sunt ea eaque.',65,1,0,665036,'1981-11-22 21:11:26','2020-08-03 19:49:30'),(25,12,5,'Sequi id vero dolores odit labore reprehenderit.','Reiciendis quia dolores qui vitae culpa id dolorem. Fugit reiciendis iste iste ut ut doloremque. Accusamus fugiat facere qui accusamus voluptates officiis.',84,0,0,4678,'1984-12-28 17:27:31','2020-08-03 19:49:30'),(26,34,20,'Iure ipsum corrupti vel voluptas amet recusandae consectetur.','Corporis in consequatur vel maiores dolor necessitatibus. Nisi quo aut omnis eveniet eligendi suscipit repudiandae qui.',16,1,1,939471375,'2002-02-21 17:55:04','2020-08-03 19:49:30'),(27,89,5,'Vero rem pariatur facilis pariatur quis doloribus totam.','Assumenda voluptate ut consequatur. Sunt quaerat dolores debitis aut facilis. Saepe rerum sed eos a et. Qui praesentium consequuntur sed praesentium delectus ex eaque.',87,1,0,7,'1992-10-11 10:31:15','2020-08-03 19:49:30'),(28,63,4,'In delectus expedita incidunt praesentium velit odit.','Saepe veniam dolorum voluptate magnam quia dolores. Amet nemo quasi itaque quaerat adipisci quibusdam. Omnis et et quos dicta et dolor rem. Explicabo fuga consequuntur ut est sunt aliquid.',98,0,0,703560478,'1979-07-09 13:03:56','2020-08-03 19:49:30'),(29,86,4,'Officiis deleniti qui ut et.','Nemo dolores quaerat asperiores dolore et. Tenetur cumque voluptates excepturi. Aliquam saepe explicabo quaerat sint. Rem consectetur ab quaerat corporis nihil excepturi.',72,0,1,54,'1989-02-15 12:28:30','2020-08-03 19:49:30'),(30,52,9,'Ex voluptas voluptatum dolores ducimus.','Aut voluptas et est asperiores et vel. Laudantium quia perferendis voluptas. Consequatur a modi rerum illum praesentium id. Vitae qui enim ut nisi iusto culpa dolorem tempore.',21,1,0,5258,'1989-06-10 06:56:11','2020-08-03 19:49:30'),(31,74,13,'Reprehenderit amet velit voluptatem et iusto voluptas.','Ratione sequi asperiores omnis ex eos nobis consequuntur. Corporis quia deleniti eaque cum quasi. Quas repellendus temporibus et possimus. Nesciunt quod sit consequatur consequatur sint.',36,0,1,0,'2009-01-13 20:53:55','2020-08-03 19:49:30'),(32,72,15,'Debitis quas quis qui corporis sunt.','Repudiandae quas ut quisquam. Illum est assumenda laudantium voluptates pariatur quod. Facere possimus nisi maiores autem explicabo.',32,1,0,6387,'1995-08-01 19:26:44','2020-08-03 19:49:30'),(33,3,15,'Aut ex animi eum velit.','Debitis praesentium et et nisi exercitationem iure. Omnis tempora praesentium non nihil quia fugit fugiat quas. Earum dicta rerum consectetur ut voluptatem quia.',36,0,1,1657352,'1972-07-01 11:37:51','2020-08-03 19:49:30'),(34,4,11,'Natus officia itaque ducimus quos alias et.','Aut doloremque voluptatem modi aliquid eius voluptas. Quos sit saepe labore voluptas aperiam. Saepe voluptate quo nisi explicabo praesentium ipsam sed.',72,0,0,0,'1984-08-19 23:01:52','2020-08-03 19:49:30'),(35,23,11,'Illum voluptas qui tenetur praesentium voluptate est.','Quidem asperiores alias dolorem voluptas hic ipsam reiciendis perspiciatis. Maiores tempora quia quia numquam et qui. Vel aperiam culpa possimus ut odit est omnis est. Aut architecto autem qui hic maiores velit et.',83,1,0,4923,'2006-02-05 08:46:13','2020-08-03 19:49:30'),(36,55,19,'Consequatur facilis sit delectus unde.','Ipsam eos fugiat omnis. Architecto voluptatem aut veritatis maiores tempora vel ut. Necessitatibus fugiat libero minus voluptatem ut facere necessitatibus.',5,0,1,697252,'1975-11-20 16:32:07','2020-08-03 19:49:30'),(37,2,4,'Voluptas dolor ab voluptatem et dolores dolore.','Doloribus sint molestiae quis. Eum aut ea a qui. Quidem ea aut est tempore dolor in.',98,1,0,0,'1975-05-14 10:44:19','2020-08-03 19:49:30'),(38,43,20,'Quo provident tenetur et fugiat quo impedit velit.','Illum voluptatum voluptates exercitationem qui. Voluptatem sit recusandae iusto incidunt voluptatem. Animi iste molestiae assumenda. Harum beatae incidunt non temporibus qui perspiciatis et. Ab reprehenderit dolor deleniti.',89,1,0,581858908,'1981-11-30 17:14:51','2020-08-03 19:49:30'),(39,21,8,'Ut ut laborum eligendi.','Natus vel tempore velit et ipsum et. Voluptas est deserunt quia ut illum incidunt natus. Cum cum dolorum quos sit unde eveniet eveniet eos.',88,1,0,595357,'2019-08-08 05:09:07','2020-08-03 19:49:30'),(40,86,20,'Fugit fugit consequatur molestias ea corrupti ad.','Itaque et hic repudiandae perspiciatis sequi veritatis. Qui delectus et dolorem. Voluptatem amet aliquid magni aut aperiam ut culpa.',71,0,1,170662,'2000-07-19 19:47:03','2020-08-03 19:49:30'),(41,37,15,'Culpa quam suscipit officia est laboriosam et similique.','Vel omnis ad qui vel commodi optio. Adipisci quia perferendis quis quibusdam accusamus quaerat aut. Rerum et voluptatibus commodi vero. Beatae rerum alias voluptas non.',32,0,1,910683583,'2006-01-18 21:44:06','2020-08-03 19:49:30'),(42,78,14,'Aut laudantium enim id beatae eius.','Iste quo exercitationem officiis ut. Ut excepturi repellendus nemo aperiam consequuntur tempora voluptate. Velit id quia ut voluptatem.',77,1,1,0,'1982-07-04 10:59:13','2020-08-03 19:49:30'),(43,97,4,'Et quod dolor dolorem quod voluptates.','Laborum corporis quisquam est voluptatum dolores. Aut voluptate quibusdam eum amet sint suscipit assumenda excepturi. Ratione sit provident ut temporibus molestias. Est commodi maiores maiores aut vel autem eligendi.',82,0,1,45396379,'2015-12-07 01:52:28','2020-08-03 19:49:30'),(44,10,16,'At ducimus distinctio aut.','Non unde sint aliquam laudantium reiciendis molestias. Omnis modi optio consequatur alias alias sed. Qui vel et eum reiciendis.',86,0,1,15873002,'1981-05-21 11:48:12','2020-08-03 19:49:30'),(45,27,10,'Assumenda sequi temporibus temporibus sunt velit labore amet.','Aut corporis consectetur suscipit dolor sit eligendi. Exercitationem incidunt occaecati et. Perferendis id sapiente ex quos consequatur.',66,1,0,1666,'1984-08-11 12:53:17','2020-08-03 19:49:30'),(46,33,19,'Velit nobis nihil facilis qui fugiat non expedita.','Aut rem beatae provident quibusdam libero tempora. Ut quia aut quos commodi sit et quisquam. Accusantium nihil inventore dolorum explicabo accusamus vel ipsa. Officiis iusto officiis in recusandae ut odit placeat.',40,1,0,4,'1976-03-10 20:54:24','2020-08-03 19:49:30'),(47,46,6,'Distinctio aspernatur commodi assumenda perspiciatis nulla eos.','Officia unde voluptas et commodi molestias. Suscipit sed dolor aut rerum tempore et. Voluptatem molestias repellat quidem molestiae officiis.',87,1,1,5369,'2005-02-08 19:11:33','2020-08-03 19:49:30'),(48,80,13,'Iure velit iste impedit autem.','Est ex ex et vitae quis eaque magnam. Quae voluptatem occaecati id doloribus asperiores eius omnis in. Veritatis enim aliquid in incidunt culpa in nisi est. Odio sunt reprehenderit pariatur qui enim.',80,0,1,46009,'1980-12-20 16:58:15','2020-08-03 19:49:30'),(49,95,7,'Est nostrum aut voluptas repudiandae veritatis.','Ducimus ipsum dignissimos mollitia rerum rerum. Itaque quo quos est nihil rerum distinctio quaerat.',49,1,1,623312612,'2019-08-19 08:42:53','2020-08-03 19:49:30'),(50,47,14,'Soluta porro fuga autem.','Qui magni et delectus eos vitae consectetur quae. Iure maiores totam autem velit quas omnis voluptas. Debitis dolor molestiae qui magnam quia deleniti.',41,0,1,133768361,'2016-10-04 17:02:15','2020-08-03 19:49:30'),(51,41,8,'Ratione deleniti inventore eaque velit amet sit rerum et.','Rerum eius velit quia doloribus in excepturi dolor. Error libero neque ea rerum quaerat fugiat rerum. Qui itaque nemo quis ut et eligendi fugit ducimus.',49,1,1,7,'2011-12-05 01:36:25','2020-08-03 19:49:30'),(52,83,17,'Adipisci fuga et voluptates.','Consequatur tempora eius consequatur provident labore est. Animi qui nihil odio quia. Porro culpa quaerat nobis totam. Ut dicta voluptatem accusamus cum.',95,0,1,7231,'1988-02-26 14:42:12','2020-08-03 19:49:30'),(53,88,20,'Sint ullam hic tempore sed officia voluptas nobis.','Et numquam est error magni voluptates nemo excepturi. Ut consequatur tempora sunt sed. Quod saepe qui excepturi repellat cum. Officiis et et impedit praesentium atque deserunt veniam.',30,0,0,4407,'1973-10-05 20:12:05','2020-08-03 19:49:30'),(54,62,9,'Porro doloremque cum ea iure vitae vitae doloremque incidunt.','Possimus et est corporis. Autem error voluptas qui id hic. Est aut omnis perspiciatis quae maxime nobis.',3,0,0,9583236,'2013-04-30 10:45:43','2020-08-03 19:49:30'),(55,50,3,'Corporis dignissimos repudiandae repudiandae est illo.','Vel quas corporis ex. Quia quod debitis velit et ex vero. Voluptatem magni magni neque rerum ipsa nisi.',23,0,0,61332,'1994-11-15 13:07:25','2020-08-03 19:49:30'),(56,36,11,'Explicabo quaerat voluptatem error molestias fugiat.','Laborum illum adipisci ut quis sed. Deleniti quaerat quae eum sint modi fuga repellat. Voluptas nulla blanditiis natus nisi.',60,1,0,75871204,'2001-09-19 13:56:32','2020-08-03 19:49:30'),(57,24,3,'Quo non aliquam iste quidem voluptates atque.','Quod voluptates numquam eum quis eveniet molestiae. Ut aliquam saepe deleniti quisquam numquam inventore quo. Quis possimus architecto illo quas aut corporis.',42,1,1,99250,'1981-05-31 04:23:48','2020-08-03 19:49:30'),(58,20,2,'Eius in facilis facere nesciunt sunt.','Atque eius quasi magnam deleniti sunt tempora aut. Mollitia ratione ratione nostrum est modi quibusdam voluptatibus. Ipsam laudantium fuga autem quia aut impedit deleniti. Corporis exercitationem eum rerum dolorem iure.',58,1,0,8145,'2003-03-21 00:31:10','2020-08-03 19:49:30'),(59,34,1,'Tempora rerum dolor sed quibusdam et.','Et et eligendi et voluptatem. Voluptatem nemo quaerat quo iusto aut veniam. Voluptatem omnis aspernatur qui.',48,0,1,758472611,'2020-02-15 01:53:53','2020-08-03 19:49:30'),(60,74,16,'Enim voluptatem aut aliquid mollitia ut dolores dolor expedita.','Minus saepe iure ipsam nihil cum. Est nihil est repudiandae quam. In quidem id quo consectetur neque voluptates ex labore. Ducimus possimus mollitia dignissimos doloribus dolores voluptatem voluptatem sunt. Voluptatum quod eos exercitationem aut repellendus molestiae nisi.',41,0,0,832056,'2009-02-18 11:58:28','2020-08-03 19:49:30'),(61,76,20,'Et qui iure accusamus delectus a.','Cupiditate esse et voluptatum excepturi exercitationem dolores officiis laborum. A ut rem molestiae. Ut autem recusandae aut quisquam totam. Optio quia assumenda nostrum neque ullam.',37,1,0,8,'2018-04-08 23:00:49','2020-08-03 19:49:30'),(62,32,11,'Perspiciatis ad aut quis quod expedita facilis.','Nisi et non hic architecto hic aut nemo. Est possimus vitae occaecati tempora. Laborum nisi sit ipsa. Ullam autem mollitia in dicta cum aliquam molestias est.',80,0,0,437013334,'2015-10-20 05:58:26','2020-08-03 19:49:30'),(63,51,12,'Tempore vel optio harum neque sit aspernatur reiciendis.','Dolore repudiandae culpa et et iure iste. Distinctio sit eaque vitae ratione. Dolore sit rem libero nostrum laudantium. Deleniti pariatur et maxime ut.',9,1,1,0,'2000-08-21 02:18:40','2020-08-03 19:49:30'),(64,70,8,'Officiis omnis nostrum quae at vero deserunt suscipit.','Molestiae eos hic odit excepturi doloremque nisi. Suscipit harum sint asperiores nesciunt quia. Ea enim molestiae asperiores labore recusandae nobis. Est ut voluptatum enim voluptatem nisi enim qui.',49,0,1,0,'2014-08-03 23:06:39','2020-08-03 19:49:30'),(65,29,4,'Qui a ducimus odit consequatur maiores et ea.','Maiores molestias et est pariatur. Labore asperiores sed aperiam ullam repellat voluptatum ratione nihil. Natus molestiae nemo amet magni est doloremque.',36,0,1,178,'2018-02-25 02:27:26','2020-08-03 19:49:30'),(66,40,15,'Dolorem officia similique exercitationem quia minus.','Sit reprehenderit qui molestias sunt aliquam sunt. Dolores dolore ut molestiae dolor asperiores. Quis dolor quae nihil eum.',41,1,0,24,'1972-11-14 17:39:21','2020-08-03 19:49:30'),(67,17,4,'Doloremque sed dolor velit repellendus.','Id non velit omnis sed ipsum. Nemo architecto explicabo vitae in nihil. Voluptatibus enim nobis suscipit odit numquam sunt. Inventore beatae nulla eos labore.',58,1,0,611239,'1999-08-07 00:13:38','2020-08-03 19:49:30'),(68,3,12,'Odio eos vel modi amet.','Soluta consequatur suscipit ab ratione consequuntur quaerat. Nihil perferendis voluptatum ipsum quibusdam voluptatum sint repellat. Quaerat saepe dolorum minus est est.',79,0,1,0,'1978-03-26 16:53:41','2020-08-03 19:49:30'),(69,11,6,'Hic dolorum quam delectus quis modi qui eos.','Dolorum tenetur aut autem cum libero aut exercitationem. Eos vel dolor reiciendis itaque enim occaecati.',39,1,1,22844257,'2002-07-03 09:33:03','2020-08-03 19:49:30'),(70,27,17,'Et ea vel repellat sit non impedit.','Quisquam tempora consequatur modi aut repudiandae non. Nisi ex sit adipisci doloremque. Voluptatem beatae explicabo inventore ab eaque asperiores voluptatum. Tenetur sit aut explicabo omnis quae.',61,1,0,21231565,'2001-10-03 11:10:51','2020-08-03 19:49:30'),(71,41,7,'Maxime consequatur voluptatem sit a fugiat quidem minima.','Repudiandae similique temporibus omnis ipsam incidunt. Distinctio consequatur et in provident cupiditate rerum ut. Eaque doloribus illum neque voluptatem omnis qui dolor.',36,1,0,26,'1974-01-15 04:06:17','2020-08-03 19:49:30'),(72,84,2,'Ut consequatur non repellendus ipsam quo ducimus.','Vero reprehenderit quibusdam nihil neque. Quos totam omnis alias rerum libero. Magni sunt doloremque consequatur in libero deleniti fugiat.',19,0,1,49306210,'2011-08-09 12:52:11','2020-08-03 19:49:30'),(73,35,11,'Sint laborum distinctio consequatur ut.','Quam quaerat in aut rerum et excepturi voluptates. Neque nulla corrupti ratione eum. Id amet et aut corporis possimus et natus.',31,0,1,59700,'2017-09-08 20:52:35','2020-08-03 19:49:30'),(74,42,6,'Iusto magni voluptatem est a eligendi error eos sit.','Nemo et neque dolore quo. Nobis laborum aliquid modi accusantium. Ea sit sed eum consequuntur. Culpa dolorum neque modi voluptate nesciunt.',21,0,0,7652,'2010-01-08 02:13:33','2020-08-03 19:49:30'),(75,27,18,'Enim alias ad at consequuntur qui.','Eaque dolore aut error libero ex accusamus. Non qui enim blanditiis aut blanditiis corrupti. Optio nobis rerum et sint consequatur sunt.',68,0,0,50423024,'2008-09-17 21:42:41','2020-08-03 19:49:30'),(76,8,10,'In sunt a ut earum ut tempora.','Aliquam impedit voluptate sint debitis in omnis. Accusantium inventore veritatis eius dolores et facilis. Est tempora eos corporis ipsum sed incidunt velit.',37,1,1,7719,'2006-11-07 22:08:38','2020-08-03 19:49:30'),(77,83,14,'Perspiciatis autem quos autem odit voluptatem incidunt animi.','Enim doloribus et architecto facere. Et dolor aut eos voluptas. In distinctio et molestiae. Mollitia consequatur in sint eos.',87,0,1,1,'1984-07-07 21:03:27','2020-08-03 19:49:30'),(78,92,2,'Suscipit maxime distinctio perferendis corporis sapiente repudiandae ut.','Molestias officiis velit accusantium optio repellendus nihil officia earum. Voluptas saepe minima eaque molestias id. Nihil enim qui atque.',9,0,1,2,'2003-03-10 22:14:15','2020-08-03 19:49:30'),(79,82,5,'Ea quaerat magnam facere debitis nihil quia eligendi.','At earum dignissimos dolores et. Est nesciunt itaque dolor fugit voluptatem ratione et. Minus aut velit unde ex. Quas quam explicabo magnam et aut eos dicta nihil.',16,1,0,356,'2018-07-17 18:02:41','2020-08-03 19:49:30'),(80,39,19,'Omnis eum molestiae non ea.','Quo iusto veritatis aut. Voluptatem ex maiores animi laboriosam ratione commodi. Blanditiis cupiditate doloribus ad voluptatem omnis repellat aliquam. Accusamus exercitationem voluptates dolorem molestiae voluptatum nam sit.',90,0,1,2,'2006-10-17 05:44:07','2020-08-03 19:49:30'),(81,22,18,'Nesciunt possimus eos voluptas rerum qui voluptatem qui.','Commodi aspernatur et aut maxime quod. Accusantium veritatis reiciendis repellendus officia. Accusamus qui et atque sit. Aperiam aliquam qui perferendis ratione placeat.',58,0,1,2482221,'2004-05-11 23:56:12','2020-08-03 19:49:30'),(82,38,15,'Sunt non dolorem hic consequatur voluptatibus.','Ratione cumque odit rerum voluptatem quis. Cumque tenetur eos voluptas sunt.',71,0,0,707316646,'1981-01-03 11:45:19','2020-08-03 19:49:30'),(83,55,18,'Omnis molestiae est optio quis a ut aliquid.','Architecto at illo asperiores accusantium qui. Est consequatur veniam laudantium illo nemo numquam eum. Ipsam autem quod vel.',29,0,0,20259,'1971-02-12 01:11:36','2020-08-03 19:49:30'),(84,32,7,'Ipsum ut ea voluptas repudiandae voluptate voluptatum.','Perferendis autem velit vitae nihil deserunt. Corrupti possimus doloremque aspernatur itaque. Incidunt dolorem vero deserunt esse blanditiis consectetur. Ex et occaecati architecto qui recusandae dolorum dignissimos et. Dolores dolore tempore corrupti iste ut magni quia.',48,0,1,97068115,'2007-05-18 22:40:54','2020-08-03 19:49:30'),(85,15,1,'Excepturi id excepturi explicabo rem.','Quaerat est ratione quidem excepturi nostrum asperiores. Recusandae quos esse quos quasi est quia maiores et. Enim officia dolor quae dicta. Nesciunt earum iste veritatis temporibus veritatis aspernatur minima occaecati.',77,0,1,104,'2011-05-28 07:44:59','2020-08-03 19:49:30'),(86,27,3,'Dolor expedita molestiae rerum ut qui animi.','Nihil occaecati doloribus et vero ipsa nostrum. Eum cupiditate omnis explicabo quae voluptas aut. Quos itaque nemo inventore facere magni voluptatem maiores praesentium. Cupiditate quo nostrum autem vero qui aspernatur corporis perferendis. Quis qui eaque iste fugit.',34,1,0,74621,'1978-01-12 04:39:42','2020-08-03 19:49:30'),(87,100,10,'Hic ut est animi officiis.','Ut saepe laboriosam non ullam maxime. Voluptatum rerum perspiciatis non quasi perferendis. Doloribus qui quod sunt doloremque quia porro nam.',67,0,0,28310,'1979-11-30 16:53:29','2020-08-03 19:49:30'),(88,64,2,'Iusto repudiandae est officiis consequuntur laboriosam saepe ducimus rem.','Omnis nihil aut error suscipit aut. Voluptatem quia corrupti rerum aut. Consequatur sint exercitationem explicabo ducimus architecto explicabo.',85,0,0,9,'2010-08-15 00:06:51','2020-08-03 19:49:30'),(89,89,17,'In atque consectetur necessitatibus facilis ratione.','Sapiente neque qui dolores est. Ullam inventore sint iste tempora. Tempore fuga exercitationem atque libero quo fugit.',100,0,1,2,'1979-02-14 11:35:03','2020-08-03 19:49:30'),(90,53,1,'Nostrum cum necessitatibus aut deleniti praesentium dolor amet.','Quia animi ad aut nobis iusto veritatis. Sed inventore nam dicta. Suscipit non mollitia explicabo molestias officiis.',19,1,0,2334138,'1975-04-24 08:30:22','2020-08-03 19:49:30'),(91,24,12,'Et est non qui.','Quae nihil aut ad culpa perferendis eveniet. Accusantium qui harum autem incidunt earum officia. Explicabo explicabo alias reprehenderit voluptatibus ut. Iusto accusamus fuga ipsum voluptatem exercitationem debitis qui.',48,0,1,5193,'1975-11-04 05:39:37','2020-08-03 19:49:30'),(92,51,15,'Autem quia excepturi in beatae suscipit aliquam.','Temporibus exercitationem non fuga sunt omnis asperiores. Dolor voluptate cumque ullam recusandae a molestiae et. Fuga enim vel ex deleniti quae. Ea voluptates quia corporis est est ullam.',94,1,1,801139633,'1973-05-02 03:58:42','2020-08-03 19:49:30'),(93,72,2,'Ad sunt necessitatibus cum quibusdam quidem optio.','Vitae qui maiores atque rem dicta sit. Laboriosam beatae quo quae error corporis. Sunt maiores voluptas ea est qui. Maiores at consectetur et deserunt maxime.',83,0,1,786,'1970-05-29 06:46:59','2020-08-03 19:49:30'),(94,64,3,'Quibusdam a illum quidem et cupiditate.','Maiores et dolores et molestiae. At dignissimos sint ut animi suscipit placeat. Rerum molestias voluptatem ullam omnis et.',41,1,1,146,'2010-05-05 13:39:43','2020-08-03 19:49:30'),(95,86,7,'Pariatur quis error deserunt aut voluptas voluptatem libero.','Et occaecati ut dolorum. Pariatur praesentium ut quo quam quos qui. Expedita qui voluptatibus tenetur doloremque perspiciatis ipsa. Nisi blanditiis officiis aut dolorem vero earum porro.',69,1,0,197836128,'2002-03-14 20:10:29','2020-08-03 19:49:30'),(96,14,4,'Id repudiandae omnis necessitatibus mollitia maiores rerum aliquid.','Magni aliquid explicabo libero tenetur id ipsa sit libero. Soluta est et vel inventore aut doloribus. Eveniet debitis velit maiores explicabo voluptas dolorem omnis consequatur.',26,0,0,521563,'2013-05-14 22:12:00','2020-08-03 19:49:30'),(97,15,2,'Voluptatum occaecati aperiam minus voluptates quia explicabo.','Est velit atque voluptate et. Ex ab atque voluptatibus numquam non. Aspernatur quidem ut asperiores ut atque. Velit tempore alias temporibus illum aut nisi explicabo.',17,0,0,747612518,'2007-08-24 21:19:57','2020-08-03 19:49:30'),(98,80,18,'Rerum qui eos pariatur accusantium.','Doloremque quo est eos voluptatem. Ut rem delectus officia doloremque veniam nihil. Ipsa pariatur sint non voluptas vel.',67,0,0,45,'1996-07-04 16:59:38','2020-08-03 19:49:30'),(99,12,3,'Ut excepturi est porro repellat a a.','Assumenda incidunt dolores aspernatur et commodi quis commodi. At et ipsam est ipsam tempore in. Rerum quidem a at cum. Blanditiis explicabo aut aliquid explicabo quos exercitationem.',70,1,1,8516,'1994-07-03 02:23:27','2020-08-03 19:49:30'),(100,96,20,'Dolorum dicta beatae provident aut sunt.','Ex iste qui fugiat libero qui. Nostrum qui facilis est qui qui. Rerum veniam consequatur odio illo maiores quis.',77,1,0,25,'1998-08-31 18:31:07','2020-08-03 19:49:30'),(101,66,9,'Et minus exercitationem impedit in.','Aut cum ipsam nobis nobis. Placeat ut amet voluptas rerum ratione pariatur vitae. Id neque assumenda nisi. Voluptates molestias quia cupiditate ut ex non in.',28,1,0,585,'1970-07-08 17:13:03','2020-08-03 19:49:30'),(102,23,4,'Ut quis et ea et.','Est dolorem porro consequatur nihil eos amet rem. Voluptas nostrum eligendi consequatur in praesentium. Numquam dolorem magnam ipsam quam accusamus debitis.',58,1,1,80961955,'2004-08-15 11:48:12','2020-08-03 19:49:30'),(103,39,15,'Voluptas optio voluptatem consectetur quae est quasi sed.','Ab totam dolores quaerat architecto. Hic vel quod eos repellendus.',46,0,1,0,'1980-08-01 20:18:30','2020-08-03 19:49:30'),(104,38,1,'Odio aspernatur et et commodi fugiat sint in.','Quasi natus pariatur sunt suscipit laudantium. Tenetur neque quasi quo officiis rerum. Nesciunt quasi voluptatibus aliquam sequi vel.',78,1,1,0,'2020-02-16 10:37:55','2020-08-03 19:49:30'),(105,1,18,'Impedit officia ab quos velit.','Omnis voluptas doloribus architecto tempore est temporibus eum. Voluptatem eligendi non culpa dolores magnam placeat. Molestiae qui doloremque culpa qui aut ea.',8,1,0,0,'1999-08-30 20:26:27','2020-08-03 19:49:30'),(106,93,7,'Non pariatur maxime molestiae aut suscipit reiciendis molestiae minima.','A voluptatem et quisquam consectetur porro enim distinctio cumque. Dolores nostrum mollitia esse incidunt eum. Non placeat voluptas culpa ipsum ut et. Maiores quo tempore quia delectus amet.',73,0,1,0,'1977-07-15 00:38:45','2020-08-03 19:49:30'),(107,79,1,'Dolor enim tempora temporibus quis molestias explicabo quas.','Iste iure maiores at praesentium. Magni ad earum delectus. Corporis officia autem facilis itaque. Necessitatibus qui accusantium architecto.',10,1,0,1,'2014-01-10 18:40:50','2020-08-03 19:49:30'),(108,54,4,'Illo labore dolor aut et quae et.','Autem illo qui ut vel incidunt voluptatibus. Iure ipsam in velit et saepe qui sunt vero. Saepe porro enim placeat sunt et ipsam. Quidem maxime velit explicabo.',31,0,1,31,'2005-11-29 04:56:12','2020-08-03 19:49:30'),(109,62,17,'Qui ea eligendi tempora vel quia debitis.','Distinctio voluptatem ex neque officiis dolorem dolor. Similique quae esse porro veniam. Quis occaecati consequatur et maxime aperiam quibusdam velit accusamus.',6,0,1,499,'2019-05-04 13:37:53','2020-08-03 19:49:30'),(110,69,12,'Quidem nam odit repellendus voluptate quia.','Modi et est ullam rerum possimus consequatur ipsum sit. Non perferendis itaque vel facere omnis veritatis. Illum nulla est consequatur a rerum nam facere.',77,0,0,2,'2009-11-02 02:39:37','2020-08-03 19:49:30'),(111,51,10,'Rerum reiciendis voluptatem et dolorum.','Quasi tempora quia et sunt excepturi. Et odio nesciunt dolores dignissimos repellat vel.',55,0,1,6,'1999-09-10 18:22:03','2020-08-03 19:49:30'),(112,16,12,'Alias est corporis autem repellendus et ad aut.','Et atque debitis esse quod. Maxime reprehenderit sint dolores porro quibusdam id. Autem suscipit quaerat aut labore aut. Optio officia exercitationem dolorum perferendis.',95,0,0,7644526,'1989-09-19 20:27:06','2020-08-03 19:49:30'),(113,64,10,'Velit repudiandae voluptatibus eveniet in.','Optio non numquam amet. Velit consequuntur harum temporibus. Omnis eos necessitatibus debitis quasi error.',42,1,0,281,'1978-10-28 01:38:15','2020-08-03 19:49:30'),(114,85,13,'Pariatur nemo facere est illo delectus suscipit asperiores.','Et consequatur voluptatum a in consequuntur. Beatae cum sequi rerum quis ut. Molestias hic et inventore eaque qui laborum.',51,0,0,0,'1974-09-28 16:05:09','2020-08-03 19:49:30'),(115,98,16,'Voluptas itaque odio quia tenetur deserunt beatae dignissimos.','Quibusdam qui aspernatur blanditiis a doloribus architecto dolorem. Ut placeat quia id dolor. Occaecati consectetur laudantium officiis aut esse similique nobis.',98,0,0,687,'2018-02-18 04:19:34','2020-08-03 19:49:30'),(116,89,1,'Officiis consequatur sunt rerum.','Et dolorum ad quod saepe saepe ea omnis velit. Molestiae atque provident assumenda praesentium. Aspernatur illum qui sint aliquam. Inventore recusandae suscipit et itaque est optio.',42,1,0,3179,'2017-11-13 17:38:54','2020-08-03 19:49:30'),(117,87,15,'Amet quod molestiae doloremque animi aut.','Perspiciatis vel magnam dignissimos et. Nesciunt minima at qui. Laboriosam minus est numquam.',46,1,1,18,'2003-04-14 22:30:00','2020-08-03 19:49:30'),(118,43,13,'Voluptatem est id in reprehenderit sit dolorum.','Earum hic hic velit iste est possimus perferendis. Illo alias quis quibusdam eveniet officiis itaque et et. Aut voluptatem quod qui ut excepturi. Aut quidem optio voluptates qui. Animi non et sapiente cum.',65,1,1,762,'1976-11-14 19:36:01','2020-08-03 19:49:30'),(119,6,18,'Aut eaque totam nesciunt explicabo.','Quos ut fuga rerum. Voluptatum velit quaerat suscipit quia. Blanditiis sit aut et placeat sapiente fugit laudantium eaque.',35,0,1,962,'2009-10-31 17:07:27','2020-08-03 19:49:30'),(120,28,12,'Aut aut tempora consequatur praesentium nam ex voluptatem a.','Est provident totam repudiandae asperiores esse cupiditate deserunt. Autem labore perferendis est. Ut ut alias quia aut rerum. Et delectus corporis eum vero.',4,0,0,9010698,'1983-02-28 07:13:51','2020-08-03 19:49:30'),(121,39,4,'Non molestiae neque et maxime perspiciatis laboriosam laudantium aut.','Qui ratione doloremque aut quaerat. Error eveniet officia reiciendis a optio voluptatum odio possimus. Nostrum aut quae eius et quibusdam perferendis rerum perferendis. Modi corrupti minima aut inventore iste enim quia iste. Omnis ut accusantium sunt recusandae.',43,1,1,84,'2017-07-17 16:35:09','2020-08-03 19:49:30'),(122,58,5,'Consequatur totam earum ea.','Ipsum beatae recusandae deserunt fugiat. Ipsum iste rerum expedita illum aut fuga. Omnis eum est quam ut soluta et eum.',79,1,1,6,'1985-04-16 08:23:43','2020-08-03 19:49:30'),(123,39,12,'Repellat doloribus repellendus natus maxime consequatur debitis corrupti sunt.','Qui ipsam quod perferendis magni praesentium mollitia. Placeat id facilis dicta nisi odit. Aspernatur et excepturi molestiae sed velit aut qui. Ratione voluptas sit et dolores est itaque.',19,0,1,89625319,'1987-04-17 09:06:47','2020-08-03 19:49:30'),(124,43,5,'Reprehenderit autem nesciunt quia voluptas qui tenetur magnam debitis.','Voluptate culpa molestias voluptate rerum molestias. Omnis dolores nisi et. Facere molestiae sit sit et id amet numquam eligendi.',93,0,1,51,'1984-07-20 13:17:41','2020-08-03 19:49:30'),(125,44,7,'Perspiciatis repudiandae et vero modi sint nostrum.','Est eveniet quo beatae voluptatem quo. Ratione officia odit et et adipisci. Perferendis eveniet corrupti aut at.',30,0,1,41680,'2002-01-20 18:52:01','2020-08-03 19:49:30'),(126,54,2,'Non quos nemo at ipsa praesentium qui voluptate.','Ut quo enim dolores eaque. Debitis recusandae voluptas quia. In sed ea minima odio libero repellendus culpa.',56,1,0,25,'2016-06-18 20:23:53','2020-08-03 19:49:30'),(127,9,6,'Fuga fuga velit vel aspernatur sed.','Necessitatibus omnis rerum deserunt reprehenderit non temporibus. Temporibus atque voluptatem consequuntur aperiam dolorum rem.',61,1,0,0,'2003-01-12 00:58:56','2020-08-03 19:49:30'),(128,83,3,'Laborum quam magnam neque.','Repellat tenetur eum aliquid id fuga. Numquam odio sint qui.',18,0,1,19118,'1979-05-05 02:08:00','2020-08-03 19:49:30'),(129,57,19,'Quis magnam illo eos nulla.','Odit ea aut quia aut iure et. Unde veniam tempore sit quas. Veritatis est ipsam qui ut enim.',95,1,0,1518011,'1973-07-04 23:41:07','2020-08-03 19:49:30'),(130,60,3,'Illum nobis omnis qui et fuga voluptates fugiat.','Architecto ipsam qui et. Omnis eum aut est. Omnis quia dicta ullam. Exercitationem natus aut et.',71,1,1,95267,'1973-01-11 19:41:15','2020-08-03 19:49:30'),(131,77,19,'Distinctio id error beatae ab.','Atque voluptas aut sed quis necessitatibus. Quo animi sunt necessitatibus officiis consectetur eaque. Hic est asperiores ut. Autem ut ratione molestias nobis qui molestias aut sit.',5,1,0,963584,'1974-06-22 11:23:37','2020-08-03 19:49:30'),(132,26,4,'Eveniet ut cum esse quo.','Recusandae omnis minima saepe mollitia repudiandae fugit. Eum vitae omnis deserunt id. Et autem repudiandae enim quis quidem. Omnis explicabo enim dignissimos aut provident.',31,0,0,2,'1984-07-03 13:28:38','2020-08-03 19:49:30'),(133,37,2,'Excepturi quisquam pariatur accusantium rerum beatae.','Tenetur voluptatum sed ducimus totam consequatur est. Sequi iusto amet et dolorem et voluptatem voluptas.',24,0,0,3985856,'1992-12-12 06:10:50','2020-08-03 19:49:30'),(134,21,19,'Neque qui non quae et rem.','Dolorem animi alias corporis eveniet. Nostrum ratione voluptatem facilis voluptatem quaerat. Dolorum enim fugit illo rerum. Unde sequi dolor quaerat quasi dolores.',76,0,0,46114599,'2019-01-14 13:44:41','2020-08-03 19:49:30'),(135,90,9,'Explicabo enim dolore inventore quaerat facilis qui in.','Voluptate tenetur sapiente sit aut accusamus in ducimus in. Consequatur quia incidunt fugiat laudantium molestiae commodi. Recusandae quisquam vero amet iure. Aut autem quaerat ab officia.',63,1,1,42052546,'2007-03-18 16:16:56','2020-08-03 19:49:30'),(136,37,8,'Et voluptatum consequatur fuga non non.','Soluta veniam labore quaerat iste. Provident fugiat rerum omnis quis quo. Optio omnis rerum veniam asperiores.',47,0,0,63,'1990-04-27 02:55:24','2020-08-03 19:49:30'),(137,94,13,'Impedit et aut et fugiat amet vel fuga eos.','Ipsam aperiam repellendus velit rerum sint. Dolor sit voluptas unde accusantium facilis optio. Natus sit natus ratione hic vero. Omnis delectus omnis aut labore delectus sunt cupiditate. Adipisci magni dicta quasi asperiores iure ut aspernatur.',80,0,1,5,'2010-02-01 05:18:12','2020-08-03 19:49:30'),(138,98,20,'Sit enim velit laborum odit possimus.','Est veritatis error et veniam laudantium vitae iusto. Molestiae eligendi repellat repellendus ipsam minima. Distinctio numquam eos repellendus consequatur error voluptatum aliquam. Perspiciatis sit quia quibusdam omnis voluptates fuga labore.',29,1,0,91,'1972-10-04 01:49:17','2020-08-03 19:49:30'),(139,19,20,'Pariatur dicta non quis ullam.','Enim et voluptates odio adipisci autem nulla amet. Voluptates rem dolorem a ut quas cupiditate totam. Numquam voluptate enim iusto dolorem et qui rerum.',86,0,0,8822,'2012-01-09 22:30:15','2020-08-03 19:49:30'),(140,26,1,'Voluptatibus inventore aspernatur ducimus repellendus quia et.','Nihil omnis enim sed quos facere et nostrum. Et saepe similique nihil commodi perspiciatis aliquam. Laborum commodi et doloremque dolores earum id vel.',92,0,1,28,'2012-05-11 17:48:08','2020-08-03 19:49:30'),(141,100,3,'Corporis id porro est quas harum reprehenderit.','Quam vitae enim ea quod omnis architecto. Consectetur quisquam eum ab sit ea. Suscipit eos tempore nemo recusandae porro ut. Et natus voluptatem porro optio iusto facere.',17,1,1,756495,'1978-04-30 07:06:53','2020-08-03 19:49:30'),(142,64,11,'Et voluptatem quam ipsam sunt eveniet non eligendi.','Quo tenetur laborum aut quia id est ut. Quod commodi ut provident veritatis consequatur illum nisi. Deserunt et et consequatur est.',75,0,0,6193,'1989-07-15 15:08:37','2020-08-03 19:49:30'),(143,29,5,'Dolores ipsam eveniet assumenda cum deleniti necessitatibus perferendis.','Qui earum est consequuntur voluptatem exercitationem quod. Molestiae voluptas corrupti expedita pariatur velit quisquam. Ut quia id est quia explicabo cupiditate.',81,0,0,747332189,'1995-12-10 02:07:23','2020-08-03 19:49:30'),(144,53,11,'Consectetur voluptatem magni itaque quia.','Sit est veniam ducimus sint voluptatem. Ut ipsa odit quo illo autem saepe. Natus aut quo deleniti assumenda sit quo. Distinctio commodi repellat asperiores magni.',9,1,0,1,'1998-09-14 08:21:08','2020-08-03 19:49:30'),(145,73,2,'Labore officiis molestiae sit et qui.','Consequatur nam nihil mollitia quis et. Exercitationem consequatur consectetur et dolorum eos. Aut impedit deleniti fugit libero quis commodi. Hic mollitia ea assumenda optio voluptas voluptatibus. Laboriosam consectetur perspiciatis accusamus officiis saepe.',28,0,1,321886701,'1983-03-06 19:33:54','2020-08-03 19:49:30'),(146,18,17,'Et voluptates perferendis harum magnam libero ea id et.','Harum voluptas quis maxime neque quae illum. Omnis labore voluptatum odio totam. Corrupti harum veniam earum qui delectus qui asperiores. Fugit et ad consequatur.',8,1,1,69905,'1998-05-31 17:48:09','2020-08-03 19:49:30'),(147,29,19,'Dolorem a harum tenetur maxime nulla ea eos.','Repudiandae est quo ut mollitia delectus. Itaque fugit quia sint consequatur ut vitae soluta. Quas distinctio blanditiis ullam. Error vitae earum reiciendis voluptatibus.',45,1,0,10539,'2014-03-03 08:16:35','2020-08-03 19:49:30'),(148,90,2,'Perferendis qui accusamus id consequatur.','Voluptatibus voluptatem numquam officiis necessitatibus hic repellendus delectus. Aut numquam nemo ipsam ea non est. Ea ipsam voluptas quo dolores qui pariatur sunt. Id reiciendis beatae eaque sed rerum quibusdam asperiores.',38,0,1,920,'1980-04-22 09:05:14','2020-08-03 19:49:30'),(149,3,14,'Deleniti aut eum vel ut voluptas nihil.','Doloremque cum veniam reprehenderit aut ab voluptate laudantium. Quam earum soluta voluptatem accusantium. Illo deleniti vitae earum totam consectetur porro quia.',17,0,0,3591,'1991-09-02 15:05:58','2020-08-03 19:49:30'),(150,24,2,'Aut nobis sunt molestias sapiente.','Vel est sunt velit. Autem perspiciatis est quasi voluptatem eligendi. Deserunt sint nisi in et voluptatem rem veritatis.',76,0,1,31,'1974-07-21 23:24:20','2020-08-03 19:49:30'),(151,84,8,'Odio incidunt nemo recusandae ea.','Aut fuga neque consequatur molestiae reprehenderit quia facilis cum. Aspernatur officia mollitia repellendus reiciendis enim impedit. Aperiam labore sapiente consequuntur voluptatibus numquam non sunt labore. Qui quod quibusdam ab.',37,1,0,0,'1973-10-01 14:19:12','2020-08-03 19:49:30'),(152,4,12,'Labore ipsum repudiandae explicabo voluptate.','Quas itaque eveniet quis id voluptatem velit voluptates expedita. Quas veritatis saepe optio fuga. Commodi alias et id debitis impedit eveniet. Praesentium qui deleniti minus rem ut beatae voluptatem.',31,0,1,2296,'2020-03-20 20:44:47','2020-08-03 19:49:30'),(153,96,14,'Id laborum sequi rerum provident cumque architecto nobis.','Vitae suscipit omnis perferendis cum est tempore doloribus. Iste reprehenderit ut consectetur nobis nesciunt. Explicabo placeat doloremque ipsa quis facere voluptas. Provident non vel ut maiores id eum.',52,0,0,4822212,'1984-06-29 06:01:07','2020-08-03 19:49:30'),(154,65,17,'Sequi doloremque aut corrupti id amet et consequatur veritatis.','Numquam possimus dolorum facilis deserunt ducimus minima. Sed minima nesciunt odit veniam. Qui natus ut consequatur sint aut assumenda. Quibusdam voluptates unde aperiam iure cum.',10,1,0,33921,'1984-11-16 01:19:48','2020-08-03 19:49:30'),(155,84,2,'Et sit odit omnis ut quod et repudiandae.','Ratione voluptas eius commodi. Distinctio consequuntur doloribus sit iste numquam nisi. Itaque ea quas dignissimos vero et veniam. Ex qui impedit voluptate sit fugit consequatur eveniet.',65,0,0,75397,'1974-10-04 20:47:46','2020-08-03 19:49:30'),(156,99,17,'Dolorem quia amet quia sed aut labore.','Sunt sint aut molestiae minus adipisci. Velit est repudiandae officia. Et odio ducimus similique ullam.',100,1,0,0,'2004-10-31 11:54:01','2020-08-03 19:49:30'),(157,13,18,'Sit sunt aliquam non a voluptatibus officia ex quia.','Provident dignissimos porro ullam unde eum neque provident. Est est magni aut. Voluptates earum voluptas consectetur cum.',4,0,0,67227296,'2014-07-26 23:36:00','2020-08-03 19:49:30'),(158,22,17,'Optio exercitationem omnis odio.','Occaecati recusandae aliquam adipisci illo. Ea quibusdam laboriosam sit blanditiis eos nam. Odio enim sit fugiat cupiditate.',99,0,1,2557,'2002-08-25 12:37:16','2020-08-03 19:49:30'),(159,84,14,'Cum placeat provident eveniet alias et.','Rem sit iste dolorem et qui maxime inventore. Nihil omnis pariatur magni id exercitationem porro sit ut. Quasi harum quo sint rerum quaerat enim non. Aut eos sed sunt ut delectus natus.',10,1,0,2,'1996-11-14 10:21:18','2020-08-03 19:49:30'),(160,32,18,'Non magnam optio qui expedita neque doloribus.','Temporibus optio voluptate necessitatibus. Quis eaque nisi aut recusandae fugit aspernatur quo. Omnis qui ea est ut. Quia cupiditate earum consectetur cumque quia rerum nemo illo.',70,0,0,69073464,'1983-12-23 10:03:32','2020-08-03 19:49:30'),(161,22,7,'Cumque aut veniam non iusto ut iure.','Aperiam est sit ex est. Nihil vero officiis laboriosam. Nisi deserunt magni est. Omnis et et tempore beatae.',57,1,1,230141302,'1985-05-19 02:15:57','2020-08-03 19:49:30'),(162,9,1,'Minus et culpa ut voluptatem illum vel temporibus.','Alias inventore velit et. Voluptate et id illo consequuntur dolor repellat. Vero praesentium quibusdam et voluptas officia odio aut. Corporis sit eligendi in quia eius autem.',93,1,1,39314,'1998-09-10 10:53:47','2020-08-03 19:49:30'),(163,2,2,'Ut magnam aut sunt dolor.','Dolores nobis doloribus alias qui. Molestiae consequatur fuga quia amet. Sed cupiditate nobis dolorem natus excepturi et optio.',16,0,1,86543,'2012-06-19 08:17:01','2020-08-03 19:49:30'),(164,1,7,'Ea nulla minima ipsam tempore quo.','Totam voluptas maiores laborum voluptatem est. Autem aspernatur consectetur blanditiis accusantium illo voluptas amet. Consequatur qui expedita dolore labore. Maiores ut incidunt repudiandae vitae.',81,0,0,467223251,'1978-11-09 16:04:19','2020-08-03 19:49:30'),(165,94,8,'Est enim libero aut eos culpa repellendus.','Iste fuga a omnis. Dolores unde voluptatem qui dolores sit.',52,0,1,888077,'1996-08-01 00:02:14','2020-08-03 19:49:30'),(166,36,20,'Quos consequatur alias mollitia autem et fugit et iure.','Dolores maxime esse qui consequuntur neque dignissimos et architecto. Odit eos doloribus debitis qui. Officia qui dolores praesentium dolor quos.',34,0,0,4,'1970-04-27 23:17:36','2020-08-03 19:49:30'),(167,31,13,'Voluptas aut et voluptatibus possimus.','Quam molestiae non accusantium vel. Culpa dolorem quasi harum animi incidunt qui. Eius et optio sint aut quam a. Facere voluptate vero culpa totam dolor.',76,1,1,4639,'2011-04-21 21:35:25','2020-08-03 19:49:30'),(168,15,7,'Quod dolor dolor exercitationem eligendi dolorem.','Neque officia quaerat ab. Rem officiis autem dolorem eius. Voluptatem error et tempore accusantium eveniet animi voluptas. Sint exercitationem voluptatibus qui et numquam ratione.',84,1,0,621,'2007-05-05 02:33:13','2020-08-03 19:49:30'),(169,26,15,'Dolores assumenda est minus ut numquam minima.','Id consequuntur impedit minima quia voluptatem adipisci. Voluptatem illum dicta eveniet id. Necessitatibus voluptatum sunt neque et et esse nam.',61,1,1,0,'2017-07-07 11:31:16','2020-08-03 19:49:30'),(170,50,12,'Architecto rerum voluptatem nihil ad reiciendis cum.','Aut incidunt consequatur dolore rem praesentium reprehenderit sunt. Aut vel ratione qui ab sunt rerum. Excepturi blanditiis et atque sunt ut quia libero.',78,1,0,6,'1979-10-15 13:03:45','2020-08-03 19:49:30'),(171,1,15,'Quia dolorum ut eum eligendi ad ut porro.','Rerum est quisquam quis exercitationem. Saepe hic alias laboriosam ratione totam officia. Molestiae suscipit corrupti in explicabo aut.',80,0,1,8323659,'1991-05-24 05:33:54','2020-08-03 19:49:30'),(172,6,17,'Non non tempore laudantium.','Odio iure consequatur autem modi dolorem. Ut consequatur sint ea sequi quis. Nulla quo harum officiis assumenda consectetur. Quia facere exercitationem porro accusamus veniam omnis vitae.',26,0,0,3911,'1983-06-01 22:05:20','2020-08-03 19:49:30'),(173,71,19,'Nostrum quisquam qui praesentium sed adipisci delectus consectetur.','Eum aut cupiditate hic maxime est. Quibusdam possimus sit sit facilis rerum eius. Aut aut commodi iusto impedit. In vitae similique nesciunt illum.',21,0,1,2,'1999-06-22 11:08:14','2020-08-03 19:49:30'),(174,11,6,'Est magnam sint sed et quaerat temporibus eum molestias.','Consectetur tempora dolorum dolores suscipit ut. Qui nam nesciunt dolore aut ut eaque quasi consequatur. Voluptatem maxime molestiae veritatis eveniet esse delectus eveniet.',96,0,0,38343592,'1991-12-12 07:32:28','2020-08-03 19:49:30'),(175,32,12,'Corporis nisi molestiae excepturi explicabo enim delectus.','Soluta amet voluptas quidem ut vero molestiae. Et rerum atque dolor nemo eligendi consectetur rerum. Fugiat et consequuntur non quia itaque.',45,0,0,933017909,'2013-01-13 19:43:26','2020-08-03 19:49:30'),(176,16,1,'Minima doloremque quis quam distinctio tenetur odio sunt.','Voluptatem neque animi cumque. Tempore ipsam quis sed vel ad ut. Commodi doloribus aut et accusamus ipsa ab ullam laboriosam.',87,0,1,4357553,'1996-10-11 20:49:58','2020-08-03 19:49:30'),(177,30,9,'Similique repellat ipsa magnam non ut ad ut voluptas.','Modi eius nemo architecto nisi sed ut ullam molestias. Reiciendis error nisi velit dolorem in. Unde porro est ea rem iusto exercitationem voluptas debitis.',24,1,1,299313,'2004-09-20 03:00:13','2020-08-03 19:49:30'),(178,97,3,'Fugit non iste nesciunt consequuntur.','Libero quibusdam exercitationem dolorem similique necessitatibus tempora. Sed mollitia non consequuntur nostrum fugit quia. Minima dolorum in officia commodi alias dolor tempore ea. Dolorum cumque facilis eligendi sed eos voluptas et.',58,1,0,327806233,'2001-11-03 20:11:56','2020-08-03 19:49:30'),(179,40,4,'Ullam corporis nulla veniam sed maxime sapiente atque.','Voluptatem minus ab a molestiae. A rerum qui laudantium unde. Reiciendis facere distinctio saepe ut nihil minima explicabo qui. Et doloremque aut id voluptas minima quia blanditiis.',50,0,1,60346326,'1970-07-22 18:58:54','2020-08-03 19:49:30'),(180,28,13,'Ut non est nulla.','Et qui vel harum quam est soluta adipisci repudiandae. Aut facilis consectetur quis ut repudiandae. Praesentium labore sed expedita tempora. Dolorum accusamus omnis ut nihil officiis ratione at.',3,1,0,0,'1981-08-26 09:22:25','2020-08-03 19:49:30'),(181,36,11,'Quia est impedit rerum et in alias.','Soluta magnam illum optio aliquid quo. Dolorem deleniti sunt culpa id aut fuga omnis. Nemo nulla ipsam est quia voluptatibus doloribus. Fugiat labore amet hic non eos et dolorem.',80,1,1,80907990,'2004-06-23 00:15:01','2020-08-03 19:49:30'),(182,71,18,'Minima delectus animi sint ab.','Quod est odit et repellendus modi et. Est vel omnis doloremque reprehenderit dolores odio.',20,1,1,0,'2010-06-16 15:52:40','2020-08-03 19:49:30'),(183,92,15,'Id rerum nihil reiciendis similique ipsam quidem consequatur possimus.','Occaecati aut et dolores fuga occaecati et. Sed quae ut expedita qui. Omnis sapiente nam unde ut deserunt vel. Laborum dolorem pariatur aut eos.',87,1,0,86673182,'2019-04-01 19:12:44','2020-08-03 19:49:30'),(184,2,20,'Unde est tenetur ullam quisquam.','Consequatur accusantium fuga porro possimus. Ullam recusandae aspernatur et vero vel et. Nihil optio ut eius est non nulla ab. Et est cupiditate maiores.',87,0,1,4155,'2013-10-12 15:07:05','2020-08-03 19:49:30'),(185,70,16,'Impedit est hic laboriosam sed sit.','Accusamus rerum accusantium aperiam nulla tempora. Adipisci dolor qui non eum quibusdam. Quisquam omnis deserunt aliquam aliquid ut reprehenderit consequatur.',21,1,1,2167981,'2003-01-22 08:20:41','2020-08-03 19:49:30'),(186,32,17,'Et sapiente veritatis quos molestiae accusamus saepe.','Aspernatur repudiandae eum explicabo modi quo voluptatem quidem et. Deserunt voluptatem totam ipsam autem. Dolorem et nostrum placeat et ut.',46,0,1,843,'2006-05-16 13:31:52','2020-08-03 19:49:30'),(187,31,18,'Ea incidunt dolorem consequatur laborum ratione.','Consequuntur beatae similique earum officiis ut et id. Quis omnis quaerat asperiores deserunt ex iusto rerum cum. Sit enim voluptatibus deleniti. Consequatur omnis quos doloribus ut.',55,0,1,74,'1972-08-23 12:21:18','2020-08-03 19:49:30'),(188,57,19,'Eos voluptas temporibus incidunt pariatur beatae asperiores.','Magnam quia est et voluptatem minus. Quisquam ea ut minus dolores at. Et earum dolor sunt quia molestiae labore aut. Molestiae debitis dolorem illum similique quia.',34,0,1,0,'1985-12-28 14:09:48','2020-08-03 19:49:30'),(189,79,19,'Expedita dignissimos ab nostrum nihil debitis id.','Eveniet alias enim voluptatem. Molestiae aut voluptatum est excepturi dolorem nobis. Tempora vel quae vitae voluptatem officiis modi.',13,0,1,16590,'2005-01-07 17:03:50','2020-08-03 19:49:30'),(190,77,19,'Sunt hic atque eveniet tempore quos.','Sed enim atque cumque. Culpa animi eos nostrum doloribus. Natus nam eveniet aut quo dolore. Esse unde necessitatibus pariatur et odio tempora modi.',90,1,1,4494,'1994-12-05 19:55:38','2020-08-03 19:49:30'),(191,56,18,'Fugiat autem in rem ea quia sit.','Doloremque alias ut voluptas qui veniam aut. Atque itaque laboriosam quis voluptatem vero porro. Vero enim tempore et maiores. Magni voluptates et dolores commodi molestias temporibus.',92,1,0,733816,'1975-11-08 10:00:48','2020-08-03 19:49:30'),(192,79,10,'Eos recusandae voluptatem temporibus ut est modi qui.','Sit qui atque vel id accusamus sit nemo. Debitis pariatur non porro excepturi. Excepturi illum placeat ducimus sed dolor. Quia et autem reiciendis et eos qui.',66,0,0,982677402,'2008-02-14 04:05:57','2020-08-03 19:49:30'),(193,50,16,'Inventore voluptatem assumenda assumenda illum eligendi quaerat.','Vel quidem illum necessitatibus rerum ratione et quis. Vitae ex doloremque est nam. Accusamus dolorum natus consequatur magni autem.',56,1,0,15851804,'2017-01-07 01:17:41','2020-08-03 19:49:30'),(194,62,10,'Vitae laboriosam cupiditate ab ullam quod sapiente exercitationem.','Unde et voluptas quaerat repellat aut animi et. Dicta veritatis nostrum iusto. Sit quos quas nihil error.',80,1,0,152421,'1979-03-13 06:30:23','2020-08-03 19:49:30'),(195,54,3,'Et et aut ipsa modi qui.','Voluptatem dolore accusamus nulla harum consequuntur sequi et. Omnis et nobis sunt porro in ut. Officia exercitationem ut dicta. Eveniet ut quo aperiam assumenda.',29,0,1,5300774,'1988-02-17 09:37:12','2020-08-03 19:49:30'),(196,63,2,'Consequatur nihil quo non quis veritatis.','Facilis quis corrupti quis reiciendis explicabo aut. Quibusdam hic dolor a libero maxime. Sit cumque quisquam sed eius et voluptate. Voluptates aut impedit eligendi exercitationem maiores.',22,1,0,4397241,'1977-12-05 22:03:39','2020-08-03 19:49:30'),(197,35,3,'Et eaque neque enim.','Sint vero et iste mollitia rerum dolorem. In modi dolorum illo sint omnis. Optio aut reiciendis voluptatem rem alias. Non aut architecto accusantium iure.',2,0,1,0,'1997-03-08 10:23:41','2020-08-03 19:49:30'),(198,18,9,'Omnis magni minus voluptates deleniti quia totam.','Quia alias culpa rerum et at aut odio. Quaerat sequi aspernatur eos voluptatum nisi non. Cum cum est ullam omnis.',1,1,1,738604922,'1987-03-27 16:23:08','2020-08-03 19:49:30'),(199,31,16,'Ipsa est quo magnam odio voluptatem voluptate.','Mollitia a ut illum hic et exercitationem qui. Labore adipisci ut pariatur iure consequuntur.',44,1,0,0,'2017-10-09 07:34:52','2020-08-03 19:49:30'),(200,100,12,'Cum consequatur id dicta ipsa aut est.','Rerum aspernatur rerum sequi aliquid eos. Rerum qui magni ut pariatur sint fugiat. Voluptatem sapiente eum iusto ut fugit.',86,0,0,78,'2017-01-06 09:18:17','2020-08-03 19:49:30');
/*!40000 ALTER TABLE `posts` ENABLE KEYS */;
UNLOCK TABLES;

--
-- Table structure for table `profiles`
--

DROP TABLE IF EXISTS `profiles`;
/*!40101 SET @saved_cs_client     = @@character_set_client */;
/*!50503 SET character_set_client = utf8mb4 */;
CREATE TABLE `profiles` (
  `user_id` int unsigned NOT NULL COMMENT 'Ссылка на пользователя',
  `gender` char(1) CHARACTER SET utf8 COLLATE utf8_unicode_ci NOT NULL COMMENT 'Пол',
  `birthday` date DEFAULT NULL COMMENT 'Дата рождения',
  `photo_id` int unsigned DEFAULT NULL COMMENT 'Ссылка на основную фотографию пользователя',
  `city` varchar(130) CHARACTER SET utf8 COLLATE utf8_unicode_ci DEFAULT NULL COMMENT 'Город проживания',
  `country` varchar(130) CHARACTER SET utf8 COLLATE utf8_unicode_ci DEFAULT NULL COMMENT 'Страна проживания',
  `updated_at` datetime DEFAULT CURRENT_TIMESTAMP ON UPDATE CURRENT_TIMESTAMP COMMENT 'Время обновления строки',
  PRIMARY KEY (`user_id`),
  KEY `profiles_photo_id_fk` (`photo_id`),
  CONSTRAINT `profiles_photo_id_fk` FOREIGN KEY (`photo_id`) REFERENCES `media` (`id`) ON DELETE SET NULL,
  CONSTRAINT `profiles_user_id_fk` FOREIGN KEY (`user_id`) REFERENCES `users` (`id`) ON DELETE CASCADE
) ENGINE=InnoDB DEFAULT CHARSET=utf8 COLLATE=utf8_unicode_ci COMMENT='Профили';
/*!40101 SET character_set_client = @saved_cs_client */;

--
-- Dumping data for table `profiles`
--

LOCK TABLES `profiles` WRITE;
/*!40000 ALTER TABLE `profiles` DISABLE KEYS */;
INSERT INTO `profiles` VALUES (1,'m','2015-06-06',38,'Lake Rogeliobury','Macedonia','2020-07-27 11:37:04'),(2,'m','1993-04-08',83,'Port Tatyanaside','China','2020-07-27 11:37:04'),(3,'f','2001-10-16',98,'South Vaughn','Northern Mariana Islands','2020-07-27 11:37:04'),(4,'m','1972-06-26',41,'Jaylenfort','Martinique','2020-07-27 11:37:04'),(5,'f','1977-06-15',9,'Port Minniefort','French Guiana','2020-07-27 11:37:04'),(6,'m','2017-08-02',25,'Klockoport','Jamaica','2020-07-27 11:37:04'),(7,'m','1986-03-02',94,'Lake Juanitafort','Finland','2020-07-27 11:37:04'),(8,'f','1980-02-07',97,'North Jordynstad','Lesotho','2020-07-27 11:37:04'),(9,'m','2020-02-17',4,'Hintzmouth','Austria','2020-07-27 11:37:04'),(10,'m','1977-09-25',26,'Jayceeside','Qatar','2020-07-27 11:37:04'),(11,'m','2008-07-17',16,'Imeldaview','Jersey','2020-07-27 11:37:04'),(12,'f','2019-12-10',3,'Stevieland','Argentina','2020-07-27 11:37:04'),(13,'m','2006-06-15',67,'East Sarahmouth','Latvia','2020-07-27 11:37:04'),(14,'f','1979-11-07',25,'East D\'angelo','Indonesia','2020-07-27 11:37:04'),(15,'m','1987-06-26',25,'West Orlo','New Zealand','2020-07-27 11:37:04'),(16,'f','2011-02-04',48,'Verliemouth','Greenland','2020-07-27 11:37:04'),(17,'m','1991-06-27',63,'Fritschfort','Indonesia','2020-07-27 11:37:04'),(18,'m','2016-02-29',71,'East Evangeline','Guadeloupe','2020-07-27 11:37:04'),(19,'f','2001-09-23',67,'Stokeshaven','Mayotte','2020-07-27 11:37:04'),(20,'f','1981-07-15',20,'Reillyborough','Botswana','2020-07-27 11:37:04'),(21,'m','2008-10-13',98,'Maryseberg','New Caledonia','2020-07-27 11:37:04'),(22,'m','1976-01-14',32,'Curtisside','Kyrgyz Republic','2020-07-27 11:37:04'),(23,'f','1982-03-20',65,'Davetown','Liberia','2020-07-27 11:37:04'),(24,'m','2015-11-16',26,'Agustinamouth','Georgia','2020-07-27 11:37:04'),(25,'m','2009-10-01',38,'Anitaberg','Lesotho','2020-07-27 11:37:04'),(26,'f','1996-02-14',10,'Port Earnesthaven','Saint Lucia','2020-07-27 11:37:04'),(27,'m','1988-05-15',34,'Rathstad','Serbia','2020-07-27 11:37:04'),(28,'m','2015-05-04',41,'North Mariano','Bahrain','2020-07-27 11:37:04'),(29,'f','2015-11-03',3,'Bartonton','Malawi','2020-07-27 11:37:04'),(30,'m','2004-02-04',92,'Lake Skyeborough','South Africa','2020-07-27 11:37:04'),(31,'f','1975-12-25',48,'Tyrellchester','Saint Vincent and the Grenadines','2020-07-27 11:37:04'),(32,'m','2015-12-30',66,'Lake Nyah','Guam','2020-07-27 11:37:04'),(33,'m','1996-10-22',85,'North Burdette','Senegal','2020-07-27 11:37:04'),(34,'f','1975-05-17',24,'North Garnett','Azerbaijan','2020-07-27 11:37:04'),(35,'f','2009-01-17',67,'Port Hayden','Bahrain','2020-07-27 11:37:04'),(36,'m','1989-07-20',64,'Hamillland','Haiti','2020-07-27 11:37:04'),(37,'m','1976-06-03',15,'West Theodorahaven','Cocos (Keeling) Islands','2020-07-27 11:37:04'),(38,'m','2000-06-04',84,'South Autumn','Taiwan','2020-07-27 11:37:04'),(39,'f','1989-08-11',73,'East Estellastad','French Guiana','2020-07-27 11:37:04'),(40,'f','1979-08-12',12,'North Lisandro','Chad','2020-07-27 11:37:04'),(41,'m','2008-04-07',42,'New Armando','Turks and Caicos Islands','2020-07-27 11:37:04'),(42,'f','2002-06-15',71,'Heaneymouth','Christmas Island','2020-07-27 11:37:04'),(43,'m','2019-01-28',32,'Goyetteborough','Antarctica (the territory South of 60 deg S)','2020-07-27 11:37:04'),(44,'m','2007-03-12',45,'Erynchester','Christmas Island','2020-07-27 11:37:04'),(45,'m','2015-11-06',28,'Arnoldoborough','Cook Islands','2020-07-27 11:37:04'),(46,'f','1981-11-23',6,'Lake Billytown','Argentina','2020-07-27 11:37:04'),(47,'m','1981-08-14',46,'North Eda','Hong Kong','2020-07-27 11:37:04'),(48,'m','1993-07-29',12,'West Macyberg','Malta','2020-07-27 11:37:04'),(49,'m','1979-10-02',19,'Jedediahfort','Montserrat','2020-07-27 11:37:04'),(50,'f','1971-07-01',61,'Jerdechester','Trinidad and Tobago','2020-07-27 11:37:04'),(51,'m','2006-08-01',44,'Bergstromfurt','Mongolia','2020-07-27 11:37:04'),(52,'f','1981-07-05',40,'Pollichfurt','Falkland Islands (Malvinas)','2020-07-27 11:37:04'),(53,'m','2006-10-26',67,'East Sisterbury','Kiribati','2020-07-27 11:37:04'),(54,'f','2006-12-26',15,'McKenzieside','Switzerland','2020-07-27 11:37:04'),(55,'f','1988-07-20',71,'North Naomishire','Guadeloupe','2020-07-27 11:37:04'),(56,'m','2016-10-26',11,'East Hal','Nicaragua','2020-07-27 11:37:04'),(57,'f','1996-01-03',42,'West Lloyd','Senegal','2020-07-27 11:37:04'),(58,'m','1976-03-30',77,'Lake Janet','Botswana','2020-07-27 11:37:04'),(59,'f','1976-11-23',59,'Janessaton','Uruguay','2020-07-27 11:37:04'),(60,'f','2019-01-09',64,'New Kari','Northern Mariana Islands','2020-07-27 11:37:04'),(61,'m','2000-05-06',39,'Rowlandchester','Mayotte','2020-07-27 11:37:04'),(62,'f','2013-04-04',6,'Jacobibury','Aruba','2020-07-27 11:37:04'),(63,'f','1977-09-22',13,'New Alicia','Palau','2020-07-27 11:37:04'),(64,'f','2012-03-19',44,'Hellenton','Syrian Arab Republic','2020-07-27 11:37:04'),(65,'m','2000-10-11',83,'South Dorothy','Anguilla','2020-07-27 11:37:04'),(66,'f','2017-01-18',81,'Port Rhiannahaven','Guernsey','2020-07-27 11:37:04'),(67,'f','1975-05-08',56,'Port Kendraberg','Marshall Islands','2020-07-27 11:37:04'),(68,'f','1978-09-17',38,'East Dorotheatown','Antarctica (the territory South of 60 deg S)','2020-07-27 11:37:04'),(69,'f','2006-12-17',20,'Stiedemannshire','Niue','2020-07-27 11:37:04'),(70,'m','1994-11-24',88,'West Mariela','Egypt','2020-07-27 11:37:04'),(71,'m','2000-02-24',76,'Stoltenbergport','Turkmenistan','2020-07-27 11:37:04'),(72,'m','1977-03-29',18,'Lake Malcolmton','Sri Lanka','2020-07-27 11:37:04'),(73,'f','1972-06-18',60,'North Edwardport','Indonesia','2020-07-27 11:37:04'),(74,'f','1992-05-31',46,'East Neilbury','Zimbabwe','2020-07-27 11:37:04'),(75,'m','1999-01-26',52,'Marcelletown','Bermuda','2020-07-27 11:37:04'),(76,'m','2007-08-27',18,'Mertzburgh','Jersey','2020-07-27 11:37:04'),(77,'f','1999-08-14',34,'Calebfort','San Marino','2020-07-27 11:37:04'),(78,'f','2009-06-01',18,'East Donnellmouth','Singapore','2020-07-27 11:37:04'),(79,'f','1986-08-25',86,'North Elwynside','Panama','2020-07-27 11:37:04'),(80,'f','1989-08-09',77,'Waelchiborough','Lebanon','2020-07-27 11:37:04'),(81,'m','2011-09-04',27,'Schadenview','Somalia','2020-07-27 11:37:04'),(82,'f','2006-05-06',4,'Bauchville','Rwanda','2020-07-27 11:37:04'),(83,'m','1970-08-16',39,'Justineside','Greece','2020-07-27 11:37:04'),(84,'f','1984-04-21',82,'Medhurstfurt','Mongolia','2020-07-27 11:37:04'),(85,'f','1977-03-10',93,'Shaneview','Niger','2020-07-27 11:37:04'),(86,'f','1988-06-13',17,'Cristophermouth','Palestinian Territory','2020-07-27 11:37:04'),(87,'m','1986-07-06',8,'North Garth','United Kingdom','2020-07-27 11:37:04'),(88,'m','1998-05-06',88,'New Rodolfo','Mongolia','2020-07-27 11:37:04'),(89,'m','2017-10-28',14,'East Rocio','Tokelau','2020-07-27 11:37:04'),(90,'f','2004-12-27',7,'Balistreriburgh','Samoa','2020-07-27 11:37:04'),(91,'m','1975-04-22',90,'Weimannport','Vietnam','2020-07-27 11:37:04'),(92,'f','2020-02-18',29,'Trishashire','Greenland','2020-07-27 11:37:04'),(93,'f','1971-11-22',77,'Port Earline','British Virgin Islands','2020-07-27 11:37:04'),(94,'f','2001-02-20',95,'Ziemestad','Aruba','2020-07-27 11:37:04'),(95,'m','1994-08-11',43,'East Myaberg','Faroe Islands','2020-07-27 11:37:04'),(96,'m','1989-04-20',29,'Port Nannie','Zimbabwe','2020-07-27 11:37:04'),(97,'m','2007-08-25',16,'North Sven','Puerto Rico','2020-07-27 11:37:04'),(98,'f','1994-05-24',95,'Port Domenica','Rwanda','2020-07-27 11:37:04'),(99,'m','1991-05-14',23,'Kiehnchester','Ireland','2020-07-27 11:37:04'),(100,'f','1999-02-15',31,'Johnstonshire','British Indian Ocean Territory (Chagos Archipelago)','2020-07-27 11:37:04');
/*!40000 ALTER TABLE `profiles` ENABLE KEYS */;
UNLOCK TABLES;

--
-- Table structure for table `target_types`
--

DROP TABLE IF EXISTS `target_types`;
/*!40101 SET @saved_cs_client     = @@character_set_client */;
/*!50503 SET character_set_client = utf8mb4 */;
CREATE TABLE `target_types` (
  `id` int unsigned NOT NULL AUTO_INCREMENT,
  `name` varchar(255) NOT NULL,
  `created_at` datetime DEFAULT CURRENT_TIMESTAMP,
  PRIMARY KEY (`id`),
  UNIQUE KEY `name` (`name`)
) ENGINE=InnoDB AUTO_INCREMENT=5 DEFAULT CHARSET=utf8mb4 COLLATE=utf8mb4_0900_ai_ci;
/*!40101 SET character_set_client = @saved_cs_client */;

--
-- Dumping data for table `target_types`
--

LOCK TABLES `target_types` WRITE;
/*!40000 ALTER TABLE `target_types` DISABLE KEYS */;
INSERT INTO `target_types` VALUES (1,'messages','2020-08-02 18:36:40'),(2,'users','2020-08-02 18:36:40'),(3,'media','2020-08-02 18:36:40'),(4,'posts','2020-08-02 18:36:40');
/*!40000 ALTER TABLE `target_types` ENABLE KEYS */;
UNLOCK TABLES;

--
-- Table structure for table `users`
--

DROP TABLE IF EXISTS `users`;
/*!40101 SET @saved_cs_client     = @@character_set_client */;
/*!50503 SET character_set_client = utf8mb4 */;
CREATE TABLE `users` (
  `id` int unsigned NOT NULL AUTO_INCREMENT COMMENT 'Идентификатор строки',
  `first_name` varchar(100) CHARACTER SET utf8 COLLATE utf8_unicode_ci NOT NULL COMMENT 'Имя пользователя',
  `last_name` varchar(100) CHARACTER SET utf8 COLLATE utf8_unicode_ci NOT NULL COMMENT 'Фамилия пользователя',
  `email` varchar(100) CHARACTER SET utf8 COLLATE utf8_unicode_ci NOT NULL COMMENT 'Почта',
  `phone` varchar(100) CHARACTER SET utf8 COLLATE utf8_unicode_ci NOT NULL COMMENT 'Телефон',
  `created_at` datetime DEFAULT CURRENT_TIMESTAMP COMMENT 'Время создания строки',
  `updated_at` datetime DEFAULT NULL ON UPDATE CURRENT_TIMESTAMP COMMENT 'Время обновления строки',
  PRIMARY KEY (`id`),
  UNIQUE KEY `email` (`email`),
  UNIQUE KEY `phone` (`phone`)
) ENGINE=InnoDB AUTO_INCREMENT=101 DEFAULT CHARSET=utf8 COLLATE=utf8_unicode_ci COMMENT='Пользователи';
/*!40101 SET character_set_client = @saved_cs_client */;

--
-- Dumping data for table `users`
--

LOCK TABLES `users` WRITE;
/*!40000 ALTER TABLE `users` DISABLE KEYS */;
INSERT INTO `users` VALUES (1,'Ernie','Mertz','wilfrid.pfeffer@example.org','569-513-9921x783','2020-07-30 10:17:02','2020-07-30 10:17:02'),(2,'Bella','Mertz','nasir05@example.com','1-483-698-1000x208','2020-07-30 10:17:02','2020-07-30 10:17:02'),(3,'Johann','Considine','schimmel.laurel@example.com','(525)169-3072','2020-07-30 10:17:02','2020-07-30 10:17:02'),(4,'Velma','Kris','ronny46@example.net','1-730-943-6831','2020-07-30 10:17:02','2020-07-30 10:17:02'),(5,'Madisyn','Hauck','zemlak.haylee@example.com','047.564.1994','2020-07-30 10:17:02','2020-07-30 10:17:02'),(6,'Ivory','Swaniawski','gorczany.markus@example.com','+89(0)5573143836','2020-07-30 10:17:02','2020-07-30 10:17:02'),(7,'Eugenia','Lemke','terrill.schaefer@example.org','(106)215-8913x596','2020-07-30 10:17:02','2020-07-30 10:17:02'),(8,'Nayeli','Gleichner','wgleichner@example.com','401.811.1552','2020-07-30 10:17:02','2020-07-30 10:17:02'),(9,'Allene','O\'Kon','yesenia83@example.net','(194)166-2756','2020-07-30 10:17:02','2020-07-30 10:17:02'),(10,'Zechariah','Boyer','tbahringer@example.net','1-433-808-9503x883','2020-07-30 10:17:02','2020-07-30 10:17:02'),(11,'Juvenal','Kemmer','karlee.monahan@example.org','206.112.5297','2020-07-30 10:17:02','2020-07-30 10:17:02'),(12,'Shea','Kunde','gennaro.hahn@example.net','1-768-569-0900','2020-07-30 10:17:02','2020-07-30 10:17:02'),(13,'Ivah','Wiegand','aurore.adams@example.net','122-031-6655x92080','2020-07-30 10:17:02','2020-07-30 10:17:02'),(14,'Margie','Christiansen','lottie.watsica@example.org','863-738-7406','2020-07-30 10:17:02','2020-07-30 10:17:02'),(15,'Christine','Nitzsche','abernathy.lucinda@example.org','267.630.7212x6252','2020-07-30 10:17:02','2020-07-30 10:17:02'),(16,'Kelsie','Emmerich','vwuckert@example.org','09492590701','2020-07-30 10:17:02','2020-07-30 10:17:02'),(17,'Lyla','Pacocha','hilario.haley@example.org','938.814.7445','2020-07-30 10:17:02','2020-07-30 10:17:02'),(18,'Vada','Ritchie','taryn39@example.com','1-462-208-5024x0354','2020-07-30 10:17:02','2020-07-30 10:17:02'),(19,'Randi','Brakus','christiansen.reilly@example.com','115-630-8765x212','2020-07-30 10:17:02','2020-07-30 10:17:02'),(20,'Coty','Wiegand','sryan@example.com','805-248-3220x3527','2020-07-30 10:17:02','2020-07-30 10:17:02'),(21,'Shanelle','Windler','schroeder.princess@example.com','+06(5)0450075447','2020-07-30 10:17:02','2020-07-30 10:17:02'),(22,'Loren','Pfannerstill','meffertz@example.net','461-629-0890x025','2020-07-30 10:17:02','2020-07-30 10:17:02'),(23,'Rosina','Stiedemann','zkoelpin@example.org','(603)359-7425x83053','2020-07-30 10:17:02','2020-07-30 10:17:02'),(24,'Creola','Howell','ocrooks@example.net','1-170-964-0015x44765','2020-07-30 10:17:02','2020-07-30 10:17:02'),(25,'Percy','Raynor','effertz.benjamin@example.com','924.891.9098x387','2020-07-30 10:17:02','2020-07-30 10:17:02'),(26,'Jailyn','Nienow','ezboncak@example.net','07229837411','2020-07-30 10:17:02','2020-07-30 10:17:02'),(27,'German','Simonis','marshall90@example.org','+79(6)3666509404','2020-07-30 10:17:02','2020-07-30 10:17:02'),(28,'Eliane','Langworth','kemard@example.com','+40(8)2355602134','2020-07-30 10:17:02','2020-07-30 10:17:02'),(29,'Angelica','Sipes','elmo99@example.org','451-726-1484','2020-07-30 10:17:02','2020-07-30 10:17:02'),(30,'Bo','Boyle','nakia18@example.org','+73(0)1792232216','2020-07-30 10:17:02','2020-07-30 10:17:02'),(31,'Americo','Nitzsche','pansy.sipes@example.org','(382)923-8689','2020-07-30 10:17:02','2020-07-30 10:17:02'),(32,'Sterling','Rohan','cynthia12@example.com','1-833-492-3156','2020-07-30 10:17:02','2020-07-30 10:17:02'),(33,'Leila','Shanahan','lauren47@example.net','769-587-6801','2020-07-30 10:17:02','2020-07-30 10:17:02'),(34,'Virgie','Kerluke','rwitting@example.org','(425)764-4963','2020-07-30 10:17:02','2020-07-30 10:17:02'),(35,'Ulises','Bergnaum','carter.jed@example.org','+25(5)1843089225','2020-07-30 10:17:02','2020-07-30 10:17:02'),(36,'Nya','Lockman','hfadel@example.net','1-018-324-5294x91505','2020-07-30 10:17:02','2020-07-30 10:17:02'),(37,'Susana','Pfannerstill','d\'amore.werner@example.com','1-749-227-5200x6373','2020-07-30 10:17:02','2020-07-30 10:17:02'),(38,'Georgette','Becker','kuhic.adah@example.net','1-588-530-7523','2020-07-30 10:17:02','2020-07-30 10:17:02'),(39,'Ila','Kozey','lorna.bailey@example.com','030.547.3987x037','2020-07-30 10:17:02','2020-07-30 10:17:02'),(40,'Geovanny','Gislason','mpurdy@example.net','426-883-1081','2020-07-30 10:17:02','2020-07-30 10:17:02'),(41,'Will','Johnston','laurine.rau@example.net','1-681-603-6127x9368','2020-07-30 10:17:02','2020-07-30 10:17:02'),(42,'Lizeth','Schaefer','hwitting@example.com','(562)973-6773','2020-07-30 10:17:02','2020-07-30 10:17:02'),(43,'Davonte','Crona','isabell.schaefer@example.com','057.028.5528x1962','2020-07-30 10:17:02','2020-07-30 10:17:02'),(44,'Faustino','Kautzer','chloe.mraz@example.com','299.331.6137x88546','2020-07-30 10:17:02','2020-07-30 10:17:02'),(45,'Nola','Breitenberg','nikki.auer@example.net','415.832.6113x912','2020-07-30 10:17:02','2020-07-30 10:17:02'),(46,'Virgil','Green','kzieme@example.net','589.422.2701x1987','2020-07-30 10:17:02','2020-07-30 10:17:02'),(47,'Isom','Spencer','dubuque.leland@example.net','978.788.8389','2020-07-30 10:17:02','2020-07-30 10:17:02'),(48,'Kian','Runte','everardo79@example.org','(182)516-8021x63802','2020-07-30 10:17:02','2020-07-30 10:17:02'),(49,'Taryn','Douglas','konopelski.marcelina@example.net','06445617695','2020-07-30 10:17:02','2020-07-30 10:17:02'),(50,'Tessie','Brown','shanahan.denis@example.net','1-281-505-1799','2020-07-30 10:17:02','2020-07-30 10:17:02'),(51,'Mossie','Hamill','feest.tiffany@example.org','(199)265-8223','2020-07-30 10:17:02','2020-07-30 10:17:02'),(52,'Helene','Hand','corkery.jayde@example.org','(786)857-2745','2020-07-30 10:17:02','2020-07-30 10:17:02'),(53,'Abbigail','Smitham','antoinette07@example.com','1-615-674-3422','2020-07-30 10:17:02','2020-07-30 10:17:02'),(54,'Hermina','Boehm','uking@example.com','(520)325-4605x80770','2020-07-30 10:17:02','2020-07-30 10:17:02'),(55,'Raymundo','Wisozk','yost.eleonore@example.net','514.168.2685','2020-07-30 10:17:02','2020-07-30 10:17:02'),(56,'Carmella','Stracke','greenfelder.keshaun@example.org','294-418-3718x65808','2020-07-30 10:17:02','2020-07-30 10:17:02'),(57,'Eldora','Orn','volkman.anabelle@example.org','(493)631-3366x84025','2020-07-30 10:17:02','2020-07-30 10:17:02'),(58,'Veronica','Hamill','llangworth@example.net','553-665-1883x6662','2020-07-30 10:17:02','2020-07-30 10:17:02'),(59,'Jaleel','Tillman','helena.stoltenberg@example.net','1-786-519-0617','2020-07-30 10:17:02','2020-07-30 10:17:02'),(60,'Genevieve','Ziemann','xsenger@example.com','816-591-8011x83987','2020-07-30 10:17:02','2020-07-30 10:17:02'),(61,'Idell','Hudson','myra.glover@example.com','398.895.0333x97675','2020-07-30 10:17:02','2020-07-30 10:17:02'),(62,'Peter','Herzog','laverne.west@example.com','(590)995-8329','2020-07-30 10:17:02','2020-07-30 10:17:02'),(63,'Guillermo','Batz','ohilpert@example.org','07471827279','2020-07-30 10:17:02','2020-07-30 10:17:02'),(64,'Unique','Pollich','raymundo74@example.com','1-225-220-4182','2020-07-30 10:17:02','2020-07-30 10:17:02'),(65,'Orville','Brown','laurianne.labadie@example.net','860.576.5355','2020-07-30 10:17:02','2020-07-30 10:17:02'),(66,'Chet','Connelly','wdouglas@example.com','467.829.7642','2020-07-30 10:17:02','2020-07-30 10:17:02'),(67,'Callie','Stroman','dbeier@example.org','411.521.7416','2020-07-30 10:17:02','2020-07-30 10:17:02'),(68,'Jessica','Johnston','ho\'hara@example.net','1-049-179-0022x538','2020-07-30 10:17:02','2020-07-30 10:17:02'),(69,'Lempi','Wiza','mante.kadin@example.net','093.209.0555x82667','2020-07-30 10:17:02','2020-07-30 10:17:02'),(70,'Gilda','Effertz','tom.brekke@example.com','286.720.9826x838','2020-07-30 10:17:02','2020-07-30 10:17:02'),(71,'Wilburn','Bogisich','hahn.aisha@example.org','+00(5)6811440814','2020-07-30 10:17:02','2020-07-30 10:17:02'),(72,'Paula','Wunsch','murazik.alysha@example.net','292-685-2561x51870','2020-07-30 10:17:02','2020-07-30 10:17:02'),(73,'Conner','Weimann','anais.gutmann@example.org','023.862.6032x1337','2020-07-30 10:17:02','2020-07-30 10:17:02'),(74,'Elena','Ledner','haley.kiel@example.com','243.909.8583x4393','2020-07-30 10:17:02','2020-07-30 10:17:02'),(75,'Carli','Sawayn','earline68@example.org','1-613-426-9282','2020-07-30 10:17:02','2020-07-30 10:17:02'),(76,'Wilfred','Hahn','ellsworth.schmitt@example.net','03689723284','2020-07-30 10:17:02','2020-07-30 10:17:02'),(77,'Dante','Ratke','odessa.barrows@example.net','933-899-3046','2020-07-30 10:17:02','2020-07-30 10:17:02'),(78,'Grayce','Simonis','hermann.ivy@example.org','926.868.5915','2020-07-30 10:17:02','2020-07-30 10:17:02'),(79,'Corbin','Huels','jackeline92@example.net','07274024673','2020-07-30 10:17:02','2020-07-30 10:17:02'),(80,'Marianne','Gerlach','jedidiah.nitzsche@example.com','023-849-6638','2020-07-30 10:17:02','2020-07-30 10:17:02'),(81,'Robert','Stanton','thompson.rosie@example.net','552-282-7302x699','2020-07-30 10:17:02','2020-07-30 10:17:02'),(82,'Princess','Cronin','soledad.herman@example.com','(027)962-4748','2020-07-30 10:17:02','2020-07-30 10:17:02'),(83,'Leann','McClure','samara40@example.com','(247)558-8685x66378','2020-07-30 10:17:02','2020-07-30 10:17:02'),(84,'Mavis','Klein','williamson.alexandrine@example.com','760.096.8504','2020-07-30 10:17:02','2020-07-30 10:17:02'),(85,'Furman','McCullough','waylon.schmitt@example.net','042-894-7510','2020-07-30 10:17:02','2020-07-30 10:17:02'),(86,'Zoila','Weber','kshlerin.ike@example.net','(184)603-7523','2020-07-30 10:17:02','2020-07-30 10:17:02'),(87,'Sim','Bartoletti','mstreich@example.net','(045)019-0276x630','2020-07-30 10:17:02','2020-07-30 10:17:02'),(88,'Eldora','Bayer','schultz.albin@example.net','831.463.4363','2020-07-30 10:17:02','2020-07-30 10:17:02'),(89,'Hope','Yost','schamberger.karen@example.net','1-735-968-5749x676','2020-07-30 10:17:02','2020-07-30 10:17:02'),(90,'Alvera','Mueller','ierdman@example.net','705.822.6481','2020-07-30 10:17:02','2020-07-30 10:17:02'),(91,'Ada','Renner','fritz.rowe@example.com','1-646-805-3497x380','2020-07-30 10:17:02','2020-07-30 10:17:02'),(92,'Asia','Volkman','hadley.leuschke@example.org','954.475.3218x977','2020-07-30 10:17:02','2020-07-30 10:17:02'),(93,'Weldon','Shields','elna.ankunding@example.com','(795)709-2026','2020-07-30 10:17:02','2020-07-30 10:17:02'),(94,'Shemar','Jaskolski','angelita82@example.org','377-718-2895x179','2020-07-30 10:17:02','2020-07-30 10:17:02'),(95,'Virginie','White','casper.chadd@example.net','+17(8)3493412045','2020-07-30 10:17:02','2020-07-30 10:17:02'),(96,'Hellen','Larkin','carey97@example.com','224.942.5088','2020-07-30 10:17:02','2020-07-30 10:17:02'),(97,'Carli','Ernser','zetta71@example.org','(927)257-5209x3038','2020-07-30 10:17:02','2020-07-30 10:17:02'),(98,'Niko','Muller','donavon74@example.net','+56(8)9092395664','2020-07-30 10:17:02','2020-07-30 10:17:02'),(99,'Kenya','Koch','schumm.betty@example.org','+59(2)1333804566','2020-07-30 10:17:02','2020-07-30 10:17:02'),(100,'Anderson','Gutkowski','dborer@example.com','+53(1)2153879045','2020-07-30 10:17:02','2020-07-30 10:17:02');
/*!40000 ALTER TABLE `users` ENABLE KEYS */;
UNLOCK TABLES;
/*!40103 SET TIME_ZONE=@OLD_TIME_ZONE */;

/*!40101 SET SQL_MODE=@OLD_SQL_MODE */;
/*!40014 SET FOREIGN_KEY_CHECKS=@OLD_FOREIGN_KEY_CHECKS */;
/*!40014 SET UNIQUE_CHECKS=@OLD_UNIQUE_CHECKS */;
/*!40101 SET CHARACTER_SET_CLIENT=@OLD_CHARACTER_SET_CLIENT */;
/*!40101 SET CHARACTER_SET_RESULTS=@OLD_CHARACTER_SET_RESULTS */;
/*!40101 SET COLLATION_CONNECTION=@OLD_COLLATION_CONNECTION */;
/*!40111 SET SQL_NOTES=@OLD_SQL_NOTES */;

-- Dump completed on 2020-08-03 19:56:00
