-- MySQL dump 10.13  Distrib 8.0.20, for Linux (x86_64)
--
-- Host: localhost    Database: vk
-- ------------------------------------------------------
-- Server version	8.0.20-0ubuntu0.20.04.1

/*!40101 SET @OLD_CHARACTER_SET_CLIENT=@@CHARACTER_SET_CLIENT */;
/*!40101 SET @OLD_CHARACTER_SET_RESULTS=@@CHARACTER_SET_RESULTS */;
/*!40101 SET @OLD_COLLATION_CONNECTION=@@COLLATION_CONNECTION */;
/*!50503 SET NAMES utf8mb4 */;
/*!40103 SET @OLD_TIME_ZONE=@@TIME_ZONE */;
/*!40103 SET TIME_ZONE='+00:00' */;
/*!40014 SET @OLD_UNIQUE_CHECKS=@@UNIQUE_CHECKS, UNIQUE_CHECKS=0 */;
/*!40014 SET @OLD_FOREIGN_KEY_CHECKS=@@FOREIGN_KEY_CHECKS, FOREIGN_KEY_CHECKS=0 */;
/*!40101 SET @OLD_SQL_MODE=@@SQL_MODE, SQL_MODE='NO_AUTO_VALUE_ON_ZERO' */;
/*!40111 SET @OLD_SQL_NOTES=@@SQL_NOTES, SQL_NOTES=0 */;

--
-- Table structure for table `communities`
--

DROP TABLE IF EXISTS `communities`;
/*!40101 SET @saved_cs_client     = @@character_set_client */;
/*!50503 SET character_set_client = utf8mb4 */;
CREATE TABLE `communities` (
  `id` int unsigned NOT NULL AUTO_INCREMENT COMMENT 'Идентификатор сроки',
  `name` varchar(150) CHARACTER SET utf8 COLLATE utf8_unicode_ci NOT NULL COMMENT 'Название группы',
  `created_at` datetime DEFAULT CURRENT_TIMESTAMP COMMENT 'Время создания строки',
  `updated_at` datetime DEFAULT CURRENT_TIMESTAMP ON UPDATE CURRENT_TIMESTAMP COMMENT 'Время обновления строки',
  PRIMARY KEY (`id`),
  UNIQUE KEY `name` (`name`)
) ENGINE=InnoDB AUTO_INCREMENT=101 DEFAULT CHARSET=utf8 COLLATE=utf8_unicode_ci COMMENT='Группы';
/*!40101 SET character_set_client = @saved_cs_client */;

--
-- Dumping data for table `communities`
--

LOCK TABLES `communities` WRITE;
/*!40000 ALTER TABLE `communities` DISABLE KEYS */;
INSERT INTO `communities` VALUES (1,'voluptates','2012-04-24 07:02:47','2018-04-01 13:35:01'),(2,'voluptas','2011-10-30 13:20:20','2020-07-27 19:51:51'),(3,'perspiciatis','2011-08-03 13:51:18','2014-01-13 23:08:12'),(4,'error','1991-07-14 03:53:56','2019-06-01 14:36:34'),(5,'amet','2003-07-01 17:17:35','2013-08-02 03:37:43'),(6,'exercitationem','1998-10-05 12:52:37','2012-01-26 05:59:56'),(7,'corporis','1991-12-15 18:02:23','2015-09-18 15:17:17'),(8,'rem','2010-07-20 22:32:17','2010-08-07 13:37:02'),(9,'incidunt','2000-09-19 21:25:07','2011-04-10 17:26:10'),(10,'doloremque','2007-08-12 15:17:34','2016-11-13 23:04:33'),(11,'commodi','1999-04-22 19:31:43','2018-10-20 13:06:50'),(12,'quam','2013-05-28 10:48:41','2020-03-08 11:27:02'),(13,'neque','1995-01-17 03:58:46','2017-03-10 09:47:20'),(14,'eius','2018-01-11 05:16:51','2020-07-27 19:51:51'),(15,'sint','2014-08-24 16:55:34','2016-10-01 02:55:14'),(16,'officiis','2009-01-13 22:35:11','2015-12-02 02:24:20'),(17,'voluptatem','2017-08-28 17:48:28','2020-07-27 19:51:51'),(18,'numquam','1991-08-28 17:51:48','2016-09-12 03:29:51'),(19,'minima','2008-04-23 14:59:07','2011-01-21 06:35:07'),(20,'aperiam','1998-10-10 00:21:09','2012-04-04 15:17:18');
/*!40000 ALTER TABLE `communities` ENABLE KEYS */;
UNLOCK TABLES;

--
-- Table structure for table `communities_users`
--

DROP TABLE IF EXISTS `communities_users`;
/*!40101 SET @saved_cs_client     = @@character_set_client */;
/*!50503 SET character_set_client = utf8mb4 */;
CREATE TABLE `communities_users` (
  `community_id` int unsigned NOT NULL COMMENT 'Ссылка на группу',
  `user_id` int unsigned NOT NULL COMMENT 'Ссылка на пользователя',
  `created_at` datetime DEFAULT CURRENT_TIMESTAMP COMMENT 'Время создания строки',
  PRIMARY KEY (`community_id`,`user_id`) COMMENT 'Составной первичный ключ'
) ENGINE=InnoDB DEFAULT CHARSET=utf8 COLLATE=utf8_unicode_ci COMMENT='Участники групп, связь между пользователями и группами';
/*!40101 SET character_set_client = @saved_cs_client */;

--
-- Dumping data for table `communities_users`
--

LOCK TABLES `communities_users` WRITE;
/*!40000 ALTER TABLE `communities_users` DISABLE KEYS */;
INSERT INTO `communities_users` VALUES (1,24,'2020-05-10 22:10:17'),(1,43,'2000-03-10 01:07:22'),(1,59,'2019-02-17 02:42:06'),(1,88,'2004-10-01 13:32:04'),(1,95,'2012-10-21 01:52:55'),(2,9,'2015-03-11 05:03:38'),(2,23,'2006-06-13 13:51:38'),(2,36,'2018-11-06 08:35:08'),(2,41,'2013-09-24 15:30:18'),(2,68,'2019-03-12 15:55:34'),(2,74,'2010-11-03 02:32:20'),(2,83,'2013-01-29 23:05:55'),(3,22,'2000-10-04 11:48:36'),(3,61,'2020-02-20 15:05:14'),(3,63,'2020-01-22 09:07:34'),(3,65,'1996-10-09 06:08:51'),(3,69,'2007-11-07 05:31:30'),(3,87,'2010-07-22 05:29:47'),(4,21,'2006-11-08 08:13:05'),(4,33,'2010-07-10 14:53:18'),(4,73,'2012-05-15 03:21:19'),(4,86,'1997-01-07 22:27:54'),(4,91,'2016-02-07 11:17:59'),(5,60,'1994-11-23 12:13:29'),(5,72,'2004-11-25 19:25:49'),(5,78,'2013-02-15 00:48:01'),(6,40,'2013-04-01 17:47:28'),(6,50,'2007-08-29 06:05:39'),(6,53,'2017-12-21 19:41:03'),(7,38,'2008-01-25 17:00:01'),(7,45,'2016-05-27 14:00:59'),(7,58,'2019-04-01 12:44:45'),(8,11,'2018-05-22 22:08:22'),(8,12,'2002-12-16 05:51:37'),(8,31,'2018-01-17 12:06:53'),(8,67,'1998-03-15 09:36:42'),(8,96,'2019-07-24 19:32:58'),(9,30,'2017-06-29 21:19:05'),(9,32,'1992-05-27 23:43:50'),(9,39,'2000-01-25 15:54:39'),(9,42,'2006-01-25 16:16:55'),(9,70,'2009-05-13 04:51:44'),(9,77,'2015-10-13 01:49:13'),(10,5,'2018-06-13 05:26:07'),(10,34,'2005-10-03 07:12:05'),(11,10,'1999-08-26 04:23:44'),(11,48,'2005-07-14 08:16:16'),(12,2,'2015-07-17 17:12:27'),(12,7,'2010-02-14 02:42:48'),(12,19,'2017-04-02 05:36:28'),(12,20,'2016-12-03 17:26:06'),(12,27,'2018-11-25 03:28:25'),(12,49,'2013-09-05 13:45:04'),(12,81,'2007-02-03 08:35:05'),(12,84,'2017-05-19 05:39:18'),(12,85,'2013-05-31 03:38:02'),(12,94,'2008-02-23 11:34:02'),(13,4,'2015-01-18 04:57:37'),(13,6,'1999-08-27 13:06:24'),(13,29,'2018-08-14 09:56:48'),(13,56,'2005-12-31 23:25:12'),(13,80,'1995-05-23 18:46:19'),(13,93,'2008-12-17 05:42:02'),(13,98,'2010-08-21 16:09:51'),(14,1,'1995-08-25 20:51:05'),(14,16,'2008-08-06 16:08:20'),(14,26,'2013-01-13 06:17:07'),(14,47,'2009-12-12 23:13:43'),(14,71,'2015-01-24 01:34:15'),(14,90,'2001-07-26 08:44:30'),(14,100,'2014-01-02 14:27:40'),(15,17,'2006-07-21 07:09:07'),(15,37,'1993-01-21 07:27:03'),(15,54,'2016-05-09 14:02:49'),(15,89,'2006-11-12 13:36:09'),(15,97,'2016-01-22 06:08:53'),(16,18,'2019-09-18 14:27:00'),(16,51,'2014-05-30 09:00:03'),(16,55,'2015-10-24 07:27:46'),(17,13,'2010-11-26 15:38:37'),(17,15,'2013-09-26 22:36:25'),(17,57,'2008-09-25 10:20:29'),(17,75,'2012-05-25 06:42:37'),(17,92,'2013-09-28 17:42:14'),(18,3,'1998-09-21 12:25:24'),(18,14,'2014-10-26 04:21:23'),(18,28,'2017-05-14 08:04:57'),(18,44,'2010-10-16 22:44:30'),(18,64,'2011-01-06 12:36:41'),(18,79,'2020-02-02 18:12:27'),(19,8,'2004-02-13 05:42:26'),(19,35,'2013-07-29 12:35:24'),(19,46,'2016-06-03 10:08:44'),(19,52,'2016-06-07 22:13:25'),(19,62,'2007-10-08 13:13:32'),(19,99,'2000-10-19 21:33:23'),(20,25,'2000-08-27 15:24:40'),(20,66,'2020-04-27 04:18:45'),(20,76,'2014-06-18 21:38:22'),(20,82,'2019-05-15 23:09:42');
/*!40000 ALTER TABLE `communities_users` ENABLE KEYS */;
UNLOCK TABLES;

--
-- Table structure for table `friendship`
--

DROP TABLE IF EXISTS `friendship`;
/*!40101 SET @saved_cs_client     = @@character_set_client */;
/*!50503 SET character_set_client = utf8mb4 */;
CREATE TABLE `friendship` (
  `user_id` int unsigned NOT NULL COMMENT 'Ссылка на инициатора дружеских отношений',
  `friend_id` int unsigned NOT NULL COMMENT 'Ссылка на получателя приглашения дружить',
  `status_id` int unsigned NOT NULL COMMENT 'Ссылка на статус (текущее состояние) отношений',
  `requested_at` datetime DEFAULT CURRENT_TIMESTAMP COMMENT 'Время отправления приглашения дружить',
  `confirmed_at` datetime DEFAULT NULL COMMENT 'Время подтверждения приглашения',
  `updated_at` datetime DEFAULT CURRENT_TIMESTAMP ON UPDATE CURRENT_TIMESTAMP COMMENT 'Время обновления строки',
  PRIMARY KEY (`user_id`,`friend_id`) COMMENT 'Составной первичный ключ'
) ENGINE=InnoDB DEFAULT CHARSET=utf8 COLLATE=utf8_unicode_ci COMMENT='Таблица дружбы';
/*!40101 SET character_set_client = @saved_cs_client */;

--
-- Dumping data for table `friendship`
--

LOCK TABLES `friendship` WRITE;
/*!40000 ALTER TABLE `friendship` DISABLE KEYS */;
INSERT INTO `friendship` VALUES (1,26,2,'2020-07-27 21:55:19','2020-07-27 21:58:30','2020-07-27 21:58:30'),(2,30,2,'2015-07-17 17:12:27','2020-01-29 00:57:50','2020-07-27 21:50:52'),(2,60,3,'2020-07-27 21:55:19','2020-07-27 21:58:30','2020-07-27 21:58:30'),(3,55,3,'2000-09-22 12:55:16','2003-10-01 19:17:09','2020-07-27 21:46:10'),(3,83,3,'2012-05-23 20:54:02','2018-06-25 10:10:41','2020-07-27 21:46:10'),(5,77,2,'2020-07-27 21:55:19','2020-07-27 21:58:30','2020-07-27 21:58:30'),(6,54,1,'1997-06-08 10:20:48','2013-04-25 12:01:16','2020-07-27 21:46:10'),(6,94,2,'2006-10-20 04:46:01','2019-09-08 16:02:25','2020-07-27 21:46:10'),(8,64,1,'2020-07-27 21:55:19','2020-07-27 21:58:30','2020-07-27 21:58:30'),(9,86,3,'2020-07-27 21:55:19','2020-07-27 21:58:30','2020-07-27 21:58:30'),(10,42,1,'2020-07-27 21:55:19','2020-07-27 21:58:30','2020-07-27 21:58:30'),(10,52,1,'2020-07-27 21:55:19','2020-07-27 21:58:30','2020-07-27 21:58:30'),(12,91,3,'2020-07-27 21:55:19','2020-07-27 21:58:30','2020-07-27 21:58:30'),(13,7,1,'2020-07-27 21:55:19','2020-07-27 21:58:30','2020-07-27 21:58:30'),(13,53,2,'1997-10-30 12:15:48','2017-02-03 10:57:03','2020-07-27 21:46:10'),(14,71,1,'2020-07-27 21:55:19','2020-07-27 21:58:30','2020-07-27 21:58:30'),(15,55,2,'1999-01-01 04:38:12','2015-04-29 09:10:41','2020-07-27 21:50:52'),(15,85,2,'2002-11-15 14:44:33','2018-10-07 19:19:08','2020-07-27 21:46:10'),(16,32,1,'2020-07-27 21:55:19','2020-07-27 21:58:30','2020-07-27 21:58:30'),(17,81,3,'2020-07-27 21:55:19','2020-07-27 21:58:30','2020-07-27 21:58:30'),(18,64,1,'2020-07-27 21:55:19','2020-07-27 21:58:30','2020-07-27 21:58:30'),(18,74,3,'2020-07-27 21:55:19','2020-07-27 21:58:30','2020-07-27 21:58:30'),(19,22,2,'2020-07-27 21:55:19','2020-07-27 21:58:30','2020-07-27 21:58:30'),(20,15,3,'2020-07-27 21:55:19','2020-07-27 21:58:30','2020-07-27 21:58:30'),(22,35,1,'2006-07-26 07:56:13','2019-10-19 20:45:43','2020-07-27 21:46:10'),(24,2,1,'2020-07-27 21:55:19','2020-07-27 21:58:30','2020-07-27 21:58:30'),(24,81,2,'2020-07-27 21:55:19','2020-07-27 21:58:30','2020-07-27 21:58:30'),(25,40,2,'2020-07-27 21:55:19','2020-07-27 21:58:30','2020-07-27 21:58:30'),(27,39,3,'2020-07-27 21:55:19','2020-07-27 21:58:30','2020-07-27 21:58:30'),(27,49,2,'2020-07-27 21:55:19','2020-07-27 21:58:30','2020-07-27 21:58:30'),(27,72,3,'1999-05-01 09:39:46','2003-08-14 07:18:41','2020-07-27 21:50:52'),(28,12,3,'2020-07-27 21:55:19','2020-07-27 21:58:30','2020-07-27 21:58:30'),(28,52,1,'2020-07-27 21:55:19','2020-07-27 21:58:30','2020-07-27 21:58:30'),(28,63,1,'2020-07-27 21:55:19','2020-07-27 21:58:30','2020-07-27 21:58:30'),(28,77,2,'2020-07-27 21:55:19','2020-07-27 21:58:30','2020-07-27 21:58:30'),(28,78,2,'2020-07-27 21:55:19','2020-07-27 21:58:30','2020-07-27 21:58:30'),(30,16,2,'2020-07-27 21:55:19','2020-07-27 21:58:30','2020-07-27 21:58:30'),(30,34,2,'2020-07-27 21:55:19','2020-07-27 21:58:30','2020-07-27 21:58:30'),(32,96,1,'2012-04-24 20:52:21','2013-01-30 08:35:42','2020-07-27 21:46:10'),(33,49,3,'2020-07-27 21:55:19','2020-07-27 21:58:30','2020-07-27 21:58:30'),(34,25,2,'2002-02-10 08:11:16','2019-06-19 08:17:58','2020-07-27 21:50:52'),(35,15,2,'2020-07-27 21:55:19','2020-07-27 21:58:30','2020-07-27 21:58:30'),(35,38,3,'2020-07-27 21:55:19','2020-07-27 21:58:30','2020-07-27 21:58:30'),(35,70,1,'2020-07-27 21:55:19','2020-07-27 21:58:30','2020-07-27 21:58:30'),(35,88,2,'2020-07-27 21:55:19','2020-07-27 21:58:30','2020-07-27 21:58:30'),(36,5,1,'2009-06-21 03:35:03','2020-02-20 13:46:06','2020-07-27 21:50:52'),(37,95,2,'2020-07-27 21:55:19','2020-07-27 21:58:30','2020-07-27 21:58:30'),(38,30,3,'2020-07-27 21:55:19','2020-07-27 21:58:30','2020-07-27 21:58:30'),(38,85,3,'2020-07-27 21:55:19','2020-07-27 21:58:30','2020-07-27 21:58:30'),(40,97,2,'2013-04-01 17:47:28','2019-08-24 13:28:34','2020-07-27 21:50:52'),(43,5,1,'2015-07-08 20:25:20','2017-08-07 21:06:20','2020-07-27 21:46:10'),(43,13,3,'2003-03-26 07:44:00','2003-12-10 02:34:05','2020-07-27 21:46:10'),(43,72,2,'2006-08-16 16:37:45','2009-05-11 02:38:04','2020-07-27 21:46:10'),(44,30,2,'2020-07-27 21:55:19','2020-07-27 21:58:30','2020-07-27 21:58:30'),(45,77,3,'2014-08-06 11:30:37','2018-04-18 19:27:56','2020-07-27 21:50:52'),(46,65,1,'2020-07-27 21:55:19','2020-07-27 21:58:30','2020-07-27 21:58:30'),(46,98,3,'2020-07-27 21:55:19','2020-07-27 21:58:30','2020-07-27 21:58:30'),(48,49,3,'2002-11-07 03:58:58','2016-04-07 15:30:29','2020-07-27 21:50:52'),(50,7,2,'2007-08-29 06:05:39','2009-01-25 13:38:37','2020-07-27 21:50:52'),(51,22,2,'2020-07-27 21:55:19','2020-07-27 21:58:30','2020-07-27 21:58:30'),(52,95,2,'2020-07-27 21:55:19','2020-07-27 21:58:30','2020-07-27 21:58:30'),(53,19,2,'2020-07-27 21:55:19','2020-07-27 21:58:30','2020-07-27 21:58:30'),(53,80,2,'2020-07-27 21:55:19','2020-07-27 21:58:30','2020-07-27 21:58:30'),(53,92,3,'2020-07-27 21:55:19','2020-07-27 21:58:30','2020-07-27 21:58:30'),(54,100,1,'2016-05-09 14:02:49','2017-03-02 22:01:30','2020-07-27 21:50:52'),(57,20,3,'2020-07-27 21:55:19','2020-07-27 21:58:30','2020-07-27 21:58:30'),(61,62,1,'2009-03-28 23:16:07','2017-07-29 00:20:54','2020-07-27 21:50:52'),(62,24,3,'2020-07-27 21:55:19','2020-07-27 21:58:30','2020-07-27 21:58:30'),(64,67,3,'2000-08-13 16:36:56','2007-10-13 06:15:18','2020-07-27 21:46:10'),(64,73,2,'2009-03-10 14:06:00','2018-04-06 02:47:07','2020-07-27 21:46:10'),(66,38,3,'2009-09-18 07:47:52','2011-11-24 22:44:16','2020-07-27 21:50:52'),(67,68,1,'2020-07-27 21:55:19','2020-07-27 21:58:30','2020-07-27 21:58:30'),(67,87,2,'2020-07-27 21:55:19','2020-07-27 21:58:30','2020-07-27 21:58:30'),(67,91,3,'1998-10-12 22:11:16','2004-02-28 12:47:42','2020-07-27 21:46:10'),(68,45,2,'2020-07-27 21:55:19','2020-07-27 21:58:30','2020-07-27 21:58:30'),(69,15,1,'2020-07-27 21:55:19','2020-07-27 21:58:30','2020-07-27 21:58:30'),(72,13,3,'1998-08-26 20:37:21','2012-07-03 23:11:21','2020-07-27 21:46:10'),(73,44,1,'2012-05-15 03:21:19','2013-06-21 01:19:29','2020-07-27 21:50:52'),(73,86,1,'2020-07-27 21:55:19','2020-07-27 21:58:30','2020-07-27 21:58:30'),(75,18,1,'2020-07-27 21:55:19','2020-07-27 21:58:30','2020-07-27 21:58:30'),(75,54,3,'2020-07-27 21:55:19','2020-07-27 21:58:30','2020-07-27 21:58:30'),(76,40,3,'2008-08-27 01:22:19','2017-01-13 12:11:44','2020-07-27 21:46:10'),(78,89,1,'2013-01-19 19:04:52','2018-12-21 09:51:34','2020-07-27 21:50:52'),(80,82,2,'2015-12-28 01:51:26','2018-04-29 17:42:57','2020-07-27 21:46:10'),(81,49,1,'2007-02-03 08:35:05','2007-10-27 22:30:36','2020-07-27 21:50:52'),(81,78,2,'2007-02-03 08:35:05','2015-01-24 15:56:00','2020-07-27 21:50:52'),(82,97,1,'2020-07-27 21:55:19','2020-07-27 21:58:30','2020-07-27 21:58:30'),(83,95,3,'2020-07-27 21:55:19','2020-07-27 21:58:30','2020-07-27 21:58:30'),(86,35,3,'2012-03-29 05:43:02','2018-06-02 02:16:53','2020-07-27 21:46:10'),(86,38,1,'1995-10-29 02:59:20','2018-07-27 23:05:55','2020-07-27 21:46:10'),(87,11,3,'2020-07-27 21:55:19','2020-07-27 21:58:30','2020-07-27 21:58:30'),(88,94,3,'2020-07-27 21:55:19','2020-07-27 21:58:30','2020-07-27 21:58:30'),(93,48,3,'1999-07-21 06:21:08','2015-05-02 00:06:59','2020-07-27 21:46:10'),(95,43,3,'2012-03-09 21:16:21','2017-02-06 08:38:30','2020-07-27 21:46:10'),(95,59,2,'1999-05-17 02:00:55','2011-09-16 18:44:02','2020-07-27 21:50:52'),(96,59,3,'2020-07-27 21:55:19','2020-07-27 21:58:30','2020-07-27 21:58:30'),(96,100,1,'2020-07-27 21:55:19','2020-07-27 21:58:30','2020-07-27 21:58:30'),(97,93,1,'2003-04-07 07:38:54','2003-05-19 15:16:01','2020-07-27 21:46:10'),(98,45,1,'2020-07-27 21:55:19','2020-07-27 21:58:30','2020-07-27 21:58:30'),(99,65,3,'2000-10-19 21:33:23','2003-04-04 06:42:44','2020-07-27 21:50:52');
/*!40000 ALTER TABLE `friendship` ENABLE KEYS */;
UNLOCK TABLES;

--
-- Table structure for table `friendship_statuses`
--

DROP TABLE IF EXISTS `friendship_statuses`;
/*!40101 SET @saved_cs_client     = @@character_set_client */;
/*!50503 SET character_set_client = utf8mb4 */;
CREATE TABLE `friendship_statuses` (
  `id` int unsigned NOT NULL AUTO_INCREMENT COMMENT 'Идентификатор строки',
  `name` varchar(150) CHARACTER SET utf8 COLLATE utf8_unicode_ci NOT NULL COMMENT 'Название статуса',
  `created_at` datetime DEFAULT CURRENT_TIMESTAMP COMMENT 'Время создания строки',
  `updated_at` datetime DEFAULT CURRENT_TIMESTAMP ON UPDATE CURRENT_TIMESTAMP COMMENT 'Время обновления строки',
  PRIMARY KEY (`id`),
  UNIQUE KEY `name` (`name`)
) ENGINE=InnoDB AUTO_INCREMENT=9 DEFAULT CHARSET=utf8 COLLATE=utf8_unicode_ci COMMENT='Статусы дружбы';
/*!40101 SET character_set_client = @saved_cs_client */;

--
-- Dumping data for table `friendship_statuses`
--

LOCK TABLES `friendship_statuses` WRITE;
/*!40000 ALTER TABLE `friendship_statuses` DISABLE KEYS */;
INSERT INTO `friendship_statuses` VALUES (1,'eum','1999-04-29 08:10:21','2020-07-27 22:03:49'),(2,'magni','1994-09-16 15:40:03','2002-02-23 00:14:23'),(3,'aliquid','1999-09-29 19:17:50','2020-07-27 22:03:49'),(4,'maiores','2012-09-13 06:03:28','2020-07-27 22:03:49'),(5,'est','1971-05-22 19:32:32','2014-11-20 03:24:58'),(6,'Requested','2020-07-27 12:33:59','2020-07-27 12:33:59'),(7,'Confirmed','2020-07-27 12:33:59','2020-07-27 12:33:59'),(8,'Rejected','2020-07-27 12:33:59','2020-07-27 12:33:59');
/*!40000 ALTER TABLE `friendship_statuses` ENABLE KEYS */;
UNLOCK TABLES;

--
-- Table structure for table `media`
--

DROP TABLE IF EXISTS `media`;
/*!40101 SET @saved_cs_client     = @@character_set_client */;
/*!50503 SET character_set_client = utf8mb4 */;
CREATE TABLE `media` (
  `id` int unsigned NOT NULL AUTO_INCREMENT COMMENT 'Идентификатор строки',
  `user_id` int unsigned NOT NULL COMMENT 'Ссылка на пользователя, который загрузил файл',
  `filename` varchar(255) CHARACTER SET utf8 COLLATE utf8_unicode_ci NOT NULL COMMENT 'Путь к файлу',
  `size` int NOT NULL COMMENT 'Размер файла',
  `metadata` json DEFAULT NULL,
  `media_type_id` int unsigned NOT NULL COMMENT 'Ссылка на тип контента',
  `created_at` datetime DEFAULT CURRENT_TIMESTAMP COMMENT 'Время создания строки',
  `updated_at` datetime DEFAULT CURRENT_TIMESTAMP ON UPDATE CURRENT_TIMESTAMP COMMENT 'Время обновления строки',
  PRIMARY KEY (`id`),
  CONSTRAINT `media_chk_1` CHECK (json_valid(`metadata`))
) ENGINE=InnoDB AUTO_INCREMENT=101 DEFAULT CHARSET=utf8 COLLATE=utf8_unicode_ci COMMENT='Медиафайлы';
/*!40101 SET character_set_client = @saved_cs_client */;

--
-- Dumping data for table `media`
--

LOCK TABLES `media` WRITE;
/*!40000 ALTER TABLE `media` DISABLE KEYS */;
INSERT INTO `media` VALUES (1,69,'https://dropbox./vk/animi.avi',60124,'{\"owner\": \"Lempi Wiza\"}',1,'1992-09-01 19:21:48','2020-07-27 12:25:09'),(2,75,'https://dropbox./vk/ab.mpeg',87915,'{\"owner\": \"Carli Sawayn\"}',1,'1995-11-30 18:16:50','2020-07-27 22:08:08'),(3,70,'https://dropbox./vk/dolor.png',36653,'{\"owner\": \"Gilda Effertz\"}',2,'2009-05-13 04:51:44','2020-07-27 22:08:08'),(4,23,'https://dropbox./vk/eius.avi',92895,'{\"owner\": \"Rosina Stiedemann\"}',3,'1991-11-19 01:52:32','2020-07-27 22:08:08'),(5,3,'https://dropbox./vk/quibusdam.png',9523,'{\"owner\": \"Johann Considine\"}',2,'2005-02-16 18:27:31','2020-07-27 12:25:09'),(6,49,'https://dropbox./vk/sed.mpeg',926752,'{\"owner\": \"Taryn Douglas\"}',3,'2013-09-05 13:45:04','2020-07-27 22:08:08'),(7,33,'https://dropbox./vk/ea.png',174496,'{\"owner\": \"Leila Shanahan\"}',3,'1998-06-20 14:09:04','2020-07-27 12:25:09'),(8,19,'https://dropbox./vk/alias.avi',44516,'{\"owner\": \"Randi Brakus\"}',1,'2017-04-02 05:36:28','2020-07-27 22:08:08'),(9,96,'https://dropbox./vk/in.mpeg',690177,'{\"owner\": \"Hellen Larkin\"}',3,'2010-08-02 18:37:20','2020-07-27 12:25:09'),(10,21,'https://dropbox./vk/quibusdam.mpeg',60388313,'{\"owner\": \"Shanelle Windler\"}',2,'2009-12-28 19:26:07','2020-07-27 12:25:09'),(11,16,'https://dropbox./vk/et.png',33896,'{\"owner\": \"Kelsie Emmerich\"}',3,'2008-08-06 16:08:20','2020-07-27 22:08:08'),(12,18,'https://dropbox./vk/in.avi',25930,'{\"owner\": \"Vada Ritchie\"}',1,'2019-09-18 14:27:00','2020-07-27 22:08:08'),(13,41,'https://dropbox./vk/similique.mpeg',17965,'{\"owner\": \"Will Johnston\"}',1,'2013-09-24 15:30:18','2020-07-27 22:08:08'),(14,52,'https://dropbox./vk/est.jpeg',65208843,'{\"owner\": \"Helene Hand\"}',2,'2010-11-01 05:42:15','2020-07-27 12:25:09'),(15,35,'https://dropbox./vk/quisquam.avi',326163,'{\"owner\": \"Ulises Bergnaum\"}',2,'2010-11-13 03:49:14','2020-07-27 22:08:08'),(16,19,'https://dropbox./vk/velit.avi',84444,'{\"owner\": \"Randi Brakus\"}',3,'2017-04-02 05:36:28','2020-07-27 22:08:08'),(17,90,'https://dropbox./vk/magnam.mpeg',102036,'{\"owner\": \"Alvera Mueller\"}',2,'2007-04-21 11:04:33','2020-07-27 12:25:09'),(18,94,'https://dropbox./vk/eum.png',46286,'{\"owner\": \"Shemar Jaskolski\"}',3,'2015-12-14 11:02:59','2020-07-27 12:25:09'),(19,96,'https://dropbox./vk/sit.mpeg',8994,'{\"owner\": \"Hellen Larkin\"}',3,'2006-04-08 03:33:37','2020-07-27 22:08:08'),(20,100,'https://dropbox./vk/ducimus.mpeg',15322,'{\"owner\": \"Anderson Gutkowski\"}',1,'2015-07-23 12:45:45','2020-07-27 12:25:09'),(21,9,'https://dropbox./vk/dicta.mpeg',6388866,'{\"owner\": \"Allene O\'Kon\"}',1,'2015-03-11 05:03:38','2020-07-27 22:08:08'),(22,48,'https://dropbox./vk/voluptatibus.mpeg',40763,'{\"owner\": \"Kian Runte\"}',1,'2002-11-07 03:58:58','2020-07-27 22:08:08'),(23,10,'https://dropbox./vk/iste.mpeg',6196775,'{\"owner\": \"Zechariah Boyer\"}',2,'2004-05-07 12:36:52','2020-07-27 12:25:09'),(24,5,'https://dropbox./vk/vitae.avi',5342500,'{\"owner\": \"Madisyn Hauck\"}',3,'2005-06-30 14:32:26','2020-07-27 22:08:08'),(25,95,'https://dropbox./vk/facere.jpeg',27754,'{\"owner\": \"Virginie White\"}',1,'2007-07-26 09:06:31','2020-07-27 12:25:09'),(26,61,'https://dropbox./vk/nihil.png',82804,'{\"owner\": \"Idell Hudson\"}',2,'2009-03-28 23:16:07','2020-07-27 22:08:08'),(27,19,'https://dropbox./vk/molestiae.png',20756,'{\"owner\": \"Randi Brakus\"}',2,'2017-04-02 05:36:28','2020-07-27 22:08:08'),(28,10,'https://dropbox./vk/sit.mpeg',45371,'{\"owner\": \"Zechariah Boyer\"}',1,'1991-08-22 16:14:31','2020-07-27 22:08:08'),(29,94,'https://dropbox./vk/dolorum.png',54585,'{\"owner\": \"Shemar Jaskolski\"}',2,'2014-12-22 23:47:30','2020-07-27 12:25:09'),(30,38,'https://dropbox./vk/suscipit.avi',56916,'{\"owner\": \"Georgette Becker\"}',3,'2003-02-15 02:22:02','2020-07-27 22:08:08'),(31,9,'https://dropbox./vk/voluptas.png',26813,'{\"owner\": \"Allene O\'Kon\"}',3,'2015-03-11 05:03:38','2020-07-27 22:08:08'),(32,29,'https://dropbox./vk/quod.mpeg',128127,'{\"owner\": \"Angelica Sipes\"}',3,'2013-09-10 23:18:56','2020-07-27 22:08:08'),(33,18,'https://dropbox./vk/repellendus.jpeg',3638,'{\"owner\": \"Vada Ritchie\"}',2,'2019-09-18 14:27:00','2020-07-27 22:08:08'),(34,4,'https://dropbox./vk/veniam.mpeg',3144109,'{\"owner\": \"Velma Kris\"}',2,'2010-01-21 16:57:54','2020-07-27 22:08:08'),(35,65,'https://dropbox./vk/rerum.png',60311,'{\"owner\": \"Orville Brown\"}',3,'2009-04-03 01:36:09','2020-07-27 12:25:09'),(36,12,'https://dropbox./vk/repellat.mpeg',62407,'{\"owner\": \"Shea Kunde\"}',3,'2002-12-16 05:51:37','2020-07-27 22:08:08'),(37,65,'https://dropbox./vk/corrupti.avi',4486,'{\"owner\": \"Orville Brown\"}',2,'1996-10-09 06:08:51','2020-07-27 22:08:08'),(38,89,'https://dropbox./vk/repellat.jpeg',9534,'{\"owner\": \"Hope Yost\"}',2,'2020-05-09 16:04:50','2020-07-27 12:25:09'),(39,49,'https://dropbox./vk/quam.jpeg',11116,'{\"owner\": \"Taryn Douglas\"}',2,'2013-09-05 13:45:04','2020-07-27 22:08:08'),(40,79,'https://dropbox./vk/doloremque.jpeg',64649,'{\"owner\": \"Corbin Huels\"}',3,'2020-02-02 18:12:27','2020-07-27 22:08:08'),(41,46,'https://dropbox./vk/a.png',74386,'{\"owner\": \"Virgil Green\"}',2,'2014-01-28 02:02:46','2020-07-27 22:08:08'),(42,91,'https://dropbox./vk/dolor.jpeg',79896,'{\"owner\": \"Ada Renner\"}',3,'2016-02-07 11:17:59','2020-07-27 22:08:08'),(43,19,'https://dropbox./vk/aliquam.avi',5164822,'{\"owner\": \"Randi Brakus\"}',2,'2017-04-02 05:36:28','2020-07-27 22:08:08'),(44,19,'https://dropbox./vk/impedit.png',95536,'{\"owner\": \"Randi Brakus\"}',3,'2017-04-02 05:36:28','2020-07-27 22:08:08'),(45,39,'https://dropbox./vk/non.png',55736,'{\"owner\": \"Ila Kozey\"}',2,'2010-02-13 22:30:44','2020-07-27 12:25:09'),(46,36,'https://dropbox./vk/voluptatem.avi',187754363,'{\"owner\": \"Nya Lockman\"}',2,'2012-12-19 05:14:01','2020-07-27 12:25:09'),(47,63,'https://dropbox./vk/ut.png',79849620,'{\"owner\": \"Guillermo Batz\"}',2,'2008-10-24 16:57:36','2020-07-27 12:25:09'),(48,5,'https://dropbox./vk/quis.png',52263,'{\"owner\": \"Madisyn Hauck\"}',2,'2016-06-01 04:25:21','2020-07-27 12:25:09'),(49,36,'https://dropbox./vk/dolor.mpeg',23906970,'{\"owner\": \"Nya Lockman\"}',2,'2009-06-21 03:35:03','2020-07-27 22:08:08'),(50,63,'https://dropbox./vk/assumenda.jpeg',27991,'{\"owner\": \"Guillermo Batz\"}',3,'2001-02-08 02:21:30','2020-07-27 22:08:08'),(51,8,'https://dropbox./vk/officia.jpeg',43349,'{\"owner\": \"Nayeli Gleichner\"}',1,'2006-05-23 10:12:51','2020-07-27 12:25:09'),(52,50,'https://dropbox./vk/unde.mpeg',7539,'{\"owner\": \"Tessie Brown\"}',1,'2007-08-29 06:05:39','2020-07-27 22:08:08'),(53,24,'https://dropbox./vk/eum.mpeg',13108,'{\"owner\": \"Creola Howell\"}',1,'2020-05-10 22:10:17','2020-07-27 22:08:08'),(54,73,'https://dropbox./vk/autem.png',22770,'{\"owner\": \"Conner Weimann\"}',1,'2012-05-15 03:21:19','2020-07-27 22:08:08'),(55,89,'https://dropbox./vk/pariatur.avi',73806,'{\"owner\": \"Hope Yost\"}',3,'2005-05-12 08:34:05','2020-07-27 22:08:08'),(56,26,'https://dropbox./vk/commodi.jpeg',90719,'{\"owner\": \"Jailyn Nienow\"}',3,'1994-12-20 07:05:56','2020-07-27 12:25:09'),(57,64,'https://dropbox./vk/tempora.jpeg',55494,'{\"owner\": \"Unique Pollich\"}',1,'2001-03-17 17:08:35','2020-07-27 12:25:09'),(58,41,'https://dropbox./vk/et.png',22177,'{\"owner\": \"Will Johnston\"}',3,'2013-09-24 15:30:18','2020-07-27 22:08:08'),(59,11,'https://dropbox./vk/excepturi.png',580011554,'{\"owner\": \"Juvenal Kemmer\"}',1,'2014-09-19 19:17:32','2020-07-27 22:08:08'),(60,32,'https://dropbox./vk/voluptatem.avi',28731,'{\"owner\": \"Sterling Rohan\"}',2,'2009-12-12 00:25:43','2020-07-27 12:25:09'),(61,27,'https://dropbox./vk/ipsa.jpeg',67121,'{\"owner\": \"German Simonis\"}',2,'1999-05-01 09:39:46','2020-07-27 22:08:08'),(62,40,'https://dropbox./vk/molestiae.png',39416,'{\"owner\": \"Geovanny Gislason\"}',3,'2019-02-28 20:19:07','2020-07-27 12:25:09'),(63,19,'https://dropbox./vk/cumque.jpeg',1425,'{\"owner\": \"Randi Brakus\"}',2,'2017-04-02 05:36:28','2020-07-27 22:08:08'),(64,74,'https://dropbox./vk/eos.avi',85715,'{\"owner\": \"Elena Ledner\"}',1,'2010-11-03 02:32:20','2020-07-27 22:08:08'),(65,11,'https://dropbox./vk/quod.avi',100326,'{\"owner\": \"Juvenal Kemmer\"}',3,'2014-09-19 19:17:32','2020-07-27 22:08:08'),(66,35,'https://dropbox./vk/temporibus.png',34489,'{\"owner\": \"Ulises Bergnaum\"}',2,'2010-11-13 03:49:14','2020-07-27 22:08:08'),(67,39,'https://dropbox./vk/molestiae.png',255971323,'{\"owner\": \"Ila Kozey\"}',1,'1999-06-08 05:35:52','2020-07-27 22:08:08'),(68,92,'https://dropbox./vk/consequuntur.mpeg',6360813,'{\"owner\": \"Asia Volkman\"}',2,'2013-01-12 01:58:49','2020-07-27 12:25:09'),(69,40,'https://dropbox./vk/dolor.mpeg',61464,'{\"owner\": \"Geovanny Gislason\"}',1,'2013-04-01 17:47:28','2020-07-27 22:08:08'),(70,23,'https://dropbox./vk/tempora.avi',93856,'{\"owner\": \"Rosina Stiedemann\"}',3,'1991-11-19 01:52:32','2020-07-27 22:08:08'),(71,96,'https://dropbox./vk/dolore.png',27736,'{\"owner\": \"Hellen Larkin\"}',1,'2006-04-08 03:33:37','2020-07-27 22:08:08'),(72,10,'https://dropbox./vk/est.mpeg',4833295,'{\"owner\": \"Zechariah Boyer\"}',2,'1991-08-22 16:14:31','2020-07-27 22:08:08'),(73,62,'https://dropbox./vk/maxime.avi',39713307,'{\"owner\": \"Peter Herzog\"}',3,'2013-02-17 19:09:58','2020-07-27 12:25:09'),(74,78,'https://dropbox./vk/magnam.mpeg',5701,'{\"owner\": \"Grayce Simonis\"}',3,'2013-01-19 19:04:52','2020-07-27 22:08:08'),(75,3,'https://dropbox./vk/sunt.avi',74889,'{\"owner\": \"Johann Considine\"}',3,'2011-12-12 20:10:47','2020-07-27 12:25:09'),(76,80,'https://dropbox./vk/velit.mpeg',497231,'{\"owner\": \"Marianne Gerlach\"}',3,'1997-08-27 05:00:44','2020-07-27 12:25:09'),(77,91,'https://dropbox./vk/ut.avi',82876,'{\"owner\": \"Ada Renner\"}',1,'2016-02-07 11:17:59','2020-07-27 22:08:08'),(78,17,'https://dropbox./vk/quia.png',214393293,'{\"owner\": \"Lyla Pacocha\"}',1,'1996-05-03 18:30:57','2020-07-27 22:08:08'),(79,9,'https://dropbox./vk/enim.png',7848130,'{\"owner\": \"Allene O\'Kon\"}',2,'2017-05-25 22:29:45','2020-07-27 12:25:09'),(80,93,'https://dropbox./vk/quas.png',25376727,'{\"owner\": \"Weldon Shields\"}',3,'1992-12-30 13:58:53','2020-07-27 22:08:08'),(81,40,'https://dropbox./vk/quam.png',79715,'{\"owner\": \"Geovanny Gislason\"}',2,'2013-04-01 17:47:28','2020-07-27 22:08:08'),(82,20,'https://dropbox./vk/similique.jpeg',39948,'{\"owner\": \"Coty Wiegand\"}',2,'2016-12-03 17:26:06','2020-07-27 22:08:08'),(83,81,'https://dropbox./vk/dolorem.mpeg',1505342,'{\"owner\": \"Robert Stanton\"}',1,'2007-02-03 08:35:05','2020-07-27 22:08:08'),(84,43,'https://dropbox./vk/aliquam.mpeg',50594,'{\"owner\": \"Davonte Crona\"}',3,'2000-03-10 01:07:22','2020-07-27 22:08:08'),(85,71,'https://dropbox./vk/quos.avi',23127,'{\"owner\": \"Wilburn Bogisich\"}',2,'2015-01-24 01:34:15','2020-07-27 22:08:08'),(86,24,'https://dropbox./vk/harum.avi',484125938,'{\"owner\": \"Creola Howell\"}',3,'2020-05-10 22:10:17','2020-07-27 22:08:08'),(87,10,'https://dropbox./vk/eligendi.png',99243017,'{\"owner\": \"Zechariah Boyer\"}',1,'1991-08-22 16:14:31','2020-07-27 22:08:08'),(88,75,'https://dropbox./vk/aut.png',53853,'{\"owner\": \"Carli Sawayn\"}',1,'1995-11-30 18:16:50','2020-07-27 22:08:08'),(89,47,'https://dropbox./vk/non.mpeg',99586693,'{\"owner\": \"Isom Spencer\"}',2,'2010-11-12 06:57:21','2020-07-27 12:25:09'),(90,7,'https://dropbox./vk/sunt.png',2873425,'{\"owner\": \"Eugenia Lemke\"}',1,'2010-02-14 02:42:48','2020-07-27 22:08:08'),(91,94,'https://dropbox./vk/doloremque.png',162957858,'{\"owner\": \"Shemar Jaskolski\"}',2,'2005-05-28 10:49:23','2020-07-27 12:25:09'),(92,49,'https://dropbox./vk/qui.avi',854958750,'{\"owner\": \"Taryn Douglas\"}',3,'2018-03-01 11:44:31','2020-07-27 12:25:09'),(93,61,'https://dropbox./vk/similique.avi',89886,'{\"owner\": \"Idell Hudson\"}',2,'2009-03-28 23:16:07','2020-07-27 22:08:08'),(94,58,'https://dropbox./vk/voluptatibus.mpeg',77871,'{\"owner\": \"Veronica Hamill\"}',2,'2019-04-01 12:44:45','2020-07-27 22:08:08'),(95,9,'https://dropbox./vk/pariatur.png',3202394,'{\"owner\": \"Allene O\'Kon\"}',2,'2015-03-11 05:03:38','2020-07-27 22:08:08'),(96,68,'https://dropbox./vk/sunt.png',88596734,'{\"owner\": \"Jessica Johnston\"}',1,'2019-03-12 15:55:34','2020-07-27 22:08:08'),(97,12,'https://dropbox./vk/quos.jpeg',1612271,'{\"owner\": \"Shea Kunde\"}',1,'2002-12-16 05:51:37','2020-07-27 22:08:08'),(98,56,'https://dropbox./vk/repellat.png',82983,'{\"owner\": \"Carmella Stracke\"}',3,'2005-12-31 23:25:12','2020-07-27 22:08:08'),(99,44,'https://dropbox./vk/id.avi',109696,'{\"owner\": \"Faustino Kautzer\"}',2,'2017-09-28 01:29:46','2020-07-27 12:25:09'),(100,49,'https://dropbox./vk/a.mpeg',27560,'{\"owner\": \"Taryn Douglas\"}',3,'2013-09-05 13:45:04','2020-07-27 22:08:08');
/*!40000 ALTER TABLE `media` ENABLE KEYS */;
UNLOCK TABLES;

--
-- Table structure for table `media_types`
--

DROP TABLE IF EXISTS `media_types`;
/*!40101 SET @saved_cs_client     = @@character_set_client */;
/*!50503 SET character_set_client = utf8mb4 */;
CREATE TABLE `media_types` (
  `id` int unsigned NOT NULL AUTO_INCREMENT COMMENT 'Идентификатор строки',
  `name` varchar(255) CHARACTER SET utf8 COLLATE utf8_unicode_ci NOT NULL COMMENT 'Название типа',
  `created_at` datetime DEFAULT CURRENT_TIMESTAMP COMMENT 'Время создания строки',
  PRIMARY KEY (`id`),
  UNIQUE KEY `name` (`name`)
) ENGINE=InnoDB AUTO_INCREMENT=4 DEFAULT CHARSET=utf8 COLLATE=utf8_unicode_ci COMMENT='Типы медиафайлов';
/*!40101 SET character_set_client = @saved_cs_client */;

--
-- Dumping data for table `media_types`
--

LOCK TABLES `media_types` WRITE;
/*!40000 ALTER TABLE `media_types` DISABLE KEYS */;
INSERT INTO `media_types` VALUES (1,'photo','1920-07-27 22:16:17'),(2,'video','1920-07-27 22:16:17'),(3,'audio','1920-07-27 22:16:17');
/*!40000 ALTER TABLE `media_types` ENABLE KEYS */;
UNLOCK TABLES;

--
-- Table structure for table `messages`
--

DROP TABLE IF EXISTS `messages`;
/*!40101 SET @saved_cs_client     = @@character_set_client */;
/*!50503 SET character_set_client = utf8mb4 */;
CREATE TABLE `messages` (
  `id` int unsigned NOT NULL AUTO_INCREMENT COMMENT 'Идентификатор строки',
  `from_user_id` int unsigned NOT NULL COMMENT 'Ссылка на отправителя сообщения',
  `to_user_id` int unsigned NOT NULL COMMENT 'Ссылка на получателя сообщения',
  `body` text CHARACTER SET utf8 COLLATE utf8_unicode_ci NOT NULL COMMENT 'Текст сообщения',
  `is_important` tinyint(1) DEFAULT NULL COMMENT 'Признак важности',
  `is_delivered` tinyint(1) DEFAULT NULL COMMENT 'Признак доставки',
  `is_modified` tinyint(1) DEFAULT NULL,
  `created_at` datetime DEFAULT CURRENT_TIMESTAMP COMMENT 'Время создания строки',
  `updated_at` datetime DEFAULT CURRENT_TIMESTAMP ON UPDATE CURRENT_TIMESTAMP COMMENT 'Время обновления строки',
  PRIMARY KEY (`id`)
) ENGINE=InnoDB AUTO_INCREMENT=101 DEFAULT CHARSET=utf8 COLLATE=utf8_unicode_ci COMMENT='Сообщения';
/*!40101 SET character_set_client = @saved_cs_client */;

--
-- Dumping data for table `messages`
--

LOCK TABLES `messages` WRITE;
/*!40000 ALTER TABLE `messages` DISABLE KEYS */;
INSERT INTO `messages` VALUES (1,83,26,'Reprehenderit voluptatum ut eveniet. Deserunt nihil blanditiis suscipit et id. Atque voluptatibus veritatis nesciunt fugiat et et qui.',0,1,NULL,'2018-01-04 14:06:21','2020-07-27 22:22:42'),(2,25,75,'Fugit dolores nihil illum tempora. Praesentium voluptas occaecati similique quia omnis quae ratione. Iusto ea aut ipsa voluptate in laborum voluptatem cum. Et voluptates molestiae modi doloribus. Asperiores quos qui porro aut.',1,1,NULL,'2005-02-02 03:48:28','2020-07-27 22:22:42'),(3,73,97,'Est id et ut sed. Quaerat reiciendis in minima perspiciatis voluptas. Aut amet quia quia rem quis dignissimos dolor.',1,1,NULL,'1995-11-03 06:26:03','2020-07-27 22:22:42'),(4,92,59,'Deserunt libero quibusdam alias voluptatem suscipit atque est culpa. Soluta omnis necessitatibus inventore praesentium voluptate molestiae eveniet. Est laudantium minima totam. Ut quos temporibus occaecati atque amet ea. Possimus temporibus est eos vero.',0,0,NULL,'1999-06-07 18:09:33','2020-07-27 22:22:42'),(5,40,4,'Quis non et voluptatem. Fuga impedit quia nulla quam molestiae sit. Quo nobis voluptatem sed recusandae rerum esse. Nobis quo dolorem quidem ab voluptatem.',0,1,NULL,'2000-09-10 12:11:00','2020-07-27 22:22:42'),(6,22,43,'Necessitatibus sapiente laborum est quo fuga qui ut. Dolores rerum illo quia eaque est. Quo eligendi autem voluptatibus et et sunt dicta. Quia inventore explicabo at ut eos dolor quaerat.',0,1,NULL,'2007-12-01 23:51:23','2020-07-27 22:22:42'),(7,92,2,'Non fugiat molestias deserunt ipsam debitis iste quis rerum. Qui dolore sint enim vitae ut.',0,1,NULL,'1997-04-08 06:55:36','2020-07-27 22:22:42'),(8,90,81,'Doloremque labore voluptatem minima. Sit qui tempore ducimus voluptatibus. Qui temporibus est et. Quas et illum laboriosam a assumenda voluptatem quae.',0,1,NULL,'1998-04-24 20:32:16','2020-07-27 22:22:42'),(9,76,98,'Architecto ut quod non repellendus eligendi error voluptas. Aut nulla harum reprehenderit sed cum facilis nulla. Est excepturi at id praesentium reiciendis et vel.',0,1,NULL,'2013-03-19 04:30:20','2020-07-27 22:22:42'),(10,10,45,'Sint velit eaque quae qui consequatur eaque atque laborum. Sed nobis sint rem molestiae rerum.',1,1,NULL,'2016-03-29 00:19:33','2020-07-27 22:22:42'),(11,19,32,'Praesentium nemo non laudantium sapiente neque. Ipsum dolor perferendis sit amet qui. Mollitia iure ut ut sint. Omnis placeat molestias eos aperiam adipisci provident. Nam aperiam optio quis.',1,0,NULL,'2015-09-14 06:29:28','2020-07-27 22:22:42'),(12,66,26,'Quo non aliquam quod ex perferendis nisi. Maxime labore exercitationem tempore culpa iusto deleniti. Aspernatur beatae minima qui. Excepturi eveniet velit impedit et rem.',0,1,NULL,'1999-07-14 04:42:50','2020-07-27 22:22:42'),(13,74,34,'Recusandae adipisci ullam sapiente delectus nam ut molestiae. Rem tempora at a aut labore. Sit quis et et sunt nihil expedita. Molestiae corrupti et illo eos.',0,1,NULL,'2006-10-31 13:41:09','2020-07-27 22:22:42'),(14,71,89,'Dolore veritatis quidem dolores adipisci. Optio perferendis eos voluptatem sint voluptatem. Aliquid rerum sapiente officia quia rerum aut modi.',0,1,NULL,'2016-12-25 07:09:24','2020-07-27 22:22:42'),(15,32,42,'Magnam aut quia quasi deserunt. Atque dolorem enim totam praesentium debitis natus. Unde blanditiis consequatur rerum maxime laboriosam hic. Porro consectetur ut quis quas fuga.',1,0,NULL,'2014-07-19 23:14:09','2020-07-27 22:22:42'),(16,46,45,'Eligendi debitis quam eveniet. Cum aut neque exercitationem alias. Vero consequatur quia voluptatem et.',1,0,NULL,'2010-07-04 20:04:32','2020-07-27 22:22:42'),(17,36,99,'Unde minima corporis aliquid qui. Nobis ea ipsa ducimus pariatur. Sed earum perferendis est id cupiditate consectetur.',0,1,NULL,'2008-07-13 17:47:04','2020-07-27 22:22:42'),(18,39,59,'Dolorem sapiente id fuga itaque illum fugit qui nihil. Consequatur quos sed et ut. Itaque aut enim cupiditate voluptatibus veniam aperiam. Facere illum beatae culpa quod error dolor iure fugit.',1,1,NULL,'2015-04-12 21:52:05','2020-07-27 22:22:42'),(19,89,97,'Ad similique harum itaque non hic. Sed ipsa odit facere assumenda cupiditate. Libero aut laborum et distinctio deleniti consequatur eaque.',1,1,NULL,'2007-12-27 08:00:08','2020-07-27 22:22:42'),(20,25,9,'Adipisci impedit enim est nemo ducimus adipisci et. Eius et vero ipsa rerum. Necessitatibus sit laboriosam velit ab.',0,0,NULL,'2004-04-17 05:28:06','2020-07-27 22:22:42'),(21,60,53,'Soluta a quis et aut incidunt. Quia harum et sed hic. Et odit quibusdam tenetur recusandae aut totam sed exercitationem.',1,1,NULL,'2010-02-26 12:20:39','2020-07-27 22:22:42'),(22,23,38,'Dignissimos architecto quaerat voluptatum velit quod sed. Est possimus sit sed aut ut exercitationem. Ullam unde eligendi animi ducimus aut quia ut placeat. Aperiam eligendi deleniti quis nam.',0,0,NULL,'1995-03-05 05:59:40','2020-07-27 22:22:42'),(23,36,29,'Sapiente temporibus quas aut voluptas. Quisquam optio et error dicta. Aut cupiditate et nesciunt rerum ut aut. Eum porro quasi sunt praesentium modi velit.',1,1,NULL,'2013-12-21 08:14:39','2020-07-27 22:22:42'),(24,8,30,'Expedita saepe fugit atque in. Sunt iusto sit et ex deleniti rem qui. Est assumenda voluptatem maxime atque deleniti. Delectus consequuntur quaerat dolores.',1,1,NULL,'2018-05-10 14:39:14','2020-07-27 22:22:42'),(25,33,62,'Qui non dicta placeat ducimus. Nulla rerum error officiis nostrum animi esse dolorum. Consequatur in ipsa sed dolore itaque quisquam natus est. Eius blanditiis sint ut tempore eveniet tempore voluptates accusantium. Omnis qui sed sit asperiores enim.',0,0,NULL,'2014-10-19 11:59:15','2020-07-27 22:22:42'),(26,41,21,'Pariatur distinctio et corporis quia ut cumque. Tempora dolorem et mollitia. Reiciendis iure ipsa est perferendis quia placeat.',1,1,NULL,'2009-06-16 18:04:00','2020-07-27 22:22:42'),(27,6,18,'Qui cupiditate eveniet dolorem alias sed est id. Tenetur dolorum est qui nisi et dicta sed corrupti.',0,0,NULL,'1999-05-17 10:35:44','2020-07-27 22:22:42'),(28,5,28,'Non alias consequatur sed aut et in consequuntur ipsam. Ut incidunt tempora excepturi aliquid. Commodi animi modi quod sequi eum aut sit. Rerum unde laudantium officia et eius placeat.',1,0,NULL,'2007-07-02 19:27:19','2020-07-27 11:42:59'),(29,6,83,'Est enim blanditiis necessitatibus. Sunt voluptates labore id quod rem nemo alias consequatur. Sunt voluptatem ab ex consequatur autem. Rerum enim autem ipsa sapiente.',0,1,NULL,'1992-10-17 22:06:36','2020-07-27 22:22:42'),(30,17,32,'Esse rerum nesciunt assumenda enim possimus neque dicta. Aut aliquam inventore blanditiis magni sit dolores. Cupiditate accusantium sed facere neque voluptatem non.',0,1,NULL,'1994-06-16 20:23:17','2020-07-27 22:22:42'),(31,64,12,'Quisquam magnam nostrum neque hic saepe. Velit delectus aut tempore porro dolore. Nihil veniam a et molestias facilis.',0,1,NULL,'2010-08-14 00:21:18','2020-07-27 22:22:42'),(32,69,60,'Repudiandae voluptas nesciunt expedita placeat sint. Voluptates ab saepe laudantium molestiae assumenda et autem. Qui repudiandae ad quia aut. Nesciunt omnis nihil iure praesentium facere vel et.',0,0,NULL,'2002-10-02 21:57:29','2020-07-27 22:22:42'),(33,52,66,'Nihil nostrum rerum ducimus quibusdam recusandae tenetur. Perspiciatis nemo hic et eligendi alias at. Explicabo itaque reprehenderit laborum quia quas in.',0,0,NULL,'1999-08-29 00:39:01','2020-07-27 22:22:42'),(34,52,50,'Neque quia necessitatibus accusantium nihil voluptate occaecati consectetur. Qui sed iusto fugiat non. Qui voluptas eum ut et. Neque aut ipsa minus ad aut voluptas consequuntur fuga.',0,1,NULL,'1996-07-29 07:46:33','2020-07-27 22:22:42'),(35,4,53,'Et et nam ut. Et cumque similique perspiciatis. Aut molestiae quisquam qui dolores aut similique necessitatibus. Laborum quis expedita doloremque aut sunt suscipit dolorem sit.',1,1,NULL,'2007-04-04 05:10:19','2020-07-27 22:22:42'),(36,65,11,'Non illo ab ipsum delectus adipisci est labore quibusdam. Atque et perspiciatis consequatur necessitatibus non. Optio corrupti quia dolor. Provident sunt qui qui.',0,0,NULL,'2005-09-08 03:56:54','2020-07-27 22:22:42'),(37,10,96,'Eaque quis et quidem itaque ut quas. Delectus voluptatum tempore nobis eaque autem. Ea deleniti doloremque dicta adipisci accusantium quae illum.',0,0,NULL,'1997-03-19 13:38:35','2020-07-27 22:22:42'),(38,55,46,'Aut mollitia ea dolor laboriosam quisquam et molestiae. Illo id rerum necessitatibus harum. Incidunt ut quos odit ipsam qui.',0,0,NULL,'2016-05-13 07:45:06','2020-07-27 22:22:42'),(39,43,42,'Atque aut debitis voluptate voluptas aliquam impedit. Unde reiciendis qui cumque asperiores. Maiores et accusantium dicta necessitatibus voluptatibus illo neque. Dicta nemo et voluptatem commodi.',1,1,NULL,'1997-08-13 17:01:04','2020-07-27 22:22:42'),(40,50,72,'Ea delectus non amet. Maiores nam dolorem officiis aspernatur omnis. Omnis eum voluptatibus voluptate qui. Cumque animi deserunt recusandae porro voluptas.',1,0,NULL,'2009-09-13 10:34:00','2020-07-27 22:22:42'),(41,23,33,'Asperiores delectus accusantium sed eligendi velit. Corporis quibusdam libero debitis esse explicabo. Natus quasi sed quo magnam enim. Similique et dolor voluptatem dicta et fugiat. Enim quos error sapiente tempora.',1,0,NULL,'2016-06-02 09:09:27','2020-07-27 22:22:42'),(42,63,48,'Qui reiciendis et et quo. Minima voluptates aut rerum voluptate. Culpa voluptatem id iusto tempore facilis enim consequatur.',1,0,NULL,'2002-08-07 16:38:28','2020-07-27 22:22:42'),(43,47,41,'Blanditiis non at sit eum qui aliquid. Harum et dicta accusamus aliquid. Dolor voluptatem consequuntur id voluptatem. Consequatur qui recusandae ut aut dolores et.',1,0,NULL,'2006-02-17 01:56:13','2020-07-27 22:22:42'),(44,43,61,'Dolore eveniet voluptatibus distinctio est dolores odit. Reprehenderit distinctio ea dolore qui id. Iusto saepe laudantium illum eum error libero sunt. Ut ad velit harum labore.',0,1,NULL,'1994-04-19 11:17:00','2020-07-27 22:22:42'),(45,74,80,'Aspernatur sit ad ut inventore vitae deserunt. Corporis enim inventore et. Modi est dolor vitae eaque sequi quia. Deserunt et enim dolor voluptas quaerat repellat officia.',0,1,NULL,'1999-11-10 12:26:54','2020-07-27 22:22:42'),(46,39,16,'Explicabo enim aliquam facilis possimus totam et blanditiis reprehenderit. Autem quas laborum voluptatum totam enim aspernatur consequatur.',1,0,NULL,'2007-01-01 07:30:41','2020-07-27 22:22:42'),(47,74,40,'Qui repudiandae illum et expedita veritatis. Quibusdam asperiores placeat accusantium ut et rem animi. Sint consequatur libero voluptatem facere voluptatem et.',1,1,NULL,'2018-05-13 03:36:09','2020-07-27 22:22:42'),(48,54,51,'Eos dolore ipsa quis sint omnis vel et. Error eaque quod itaque. Consequuntur odio repudiandae magni quod.',1,0,NULL,'1994-05-10 09:48:17','2020-07-27 22:22:42'),(49,47,36,'Vero ratione et velit voluptatum eligendi. Iste natus eum et quos. Rerum officia rem eligendi iste est ipsam officia voluptatum.',1,0,NULL,'2014-08-22 18:41:28','2020-07-27 22:22:42'),(50,74,24,'Sit eos ut consequatur ipsam voluptatem id sunt. Voluptate aut qui veritatis et. Optio ut sed quasi esse qui velit facere. Nemo magni sapiente odio odio.',1,1,NULL,'2018-08-11 23:43:49','2020-07-27 22:22:42'),(51,25,14,'Dolores sed recusandae quos quos numquam maxime quisquam officia. Reprehenderit eligendi tempore nobis. Rerum dolorum culpa est placeat. Non suscipit necessitatibus voluptas dolores quas magni aut.',1,1,NULL,'2010-06-13 11:38:06','2020-07-27 22:22:42'),(52,5,95,'Debitis doloremque ea asperiores pariatur sit. Cupiditate doloremque aut earum similique quisquam totam quis tenetur. Eos delectus officia omnis quasi illum cum repellendus.',1,0,NULL,'2010-03-01 10:05:50','2020-07-27 22:22:42'),(53,47,33,'Maiores velit qui cumque harum. Natus tenetur nihil a dolorem quia autem et alias. Laborum molestias ipsam alias qui pariatur.',0,1,NULL,'2006-08-11 15:55:24','2020-07-27 22:22:42'),(54,22,79,'Hic quia totam qui nisi enim quia. Consectetur libero est ut. Ducimus quia architecto sunt sint itaque. Eaque debitis aperiam impedit.',1,1,NULL,'2005-10-06 19:41:10','2020-07-27 22:22:42'),(55,68,97,'Et quia odit cum rerum nostrum. Et sint est sunt ut aliquid.',0,1,NULL,'1995-08-17 23:52:30','2020-07-27 22:22:42'),(56,73,47,'Quas omnis provident cupiditate ratione. Illum officiis eos aut perspiciatis repudiandae modi fugiat. Aliquid temporibus laudantium voluptas autem harum molestias. Ratione in architecto at ipsa.',1,0,NULL,'1998-02-04 13:50:57','2020-07-27 22:22:42'),(57,59,45,'Ipsam inventore omnis laboriosam error ullam vel. Et dolor autem porro sit libero quae minima.',1,0,NULL,'2007-04-01 15:28:21','2020-07-27 22:22:42'),(58,76,82,'Iusto officiis rerum officia ut voluptatem. Aliquam aliquid in nihil aut explicabo. Et quaerat quia sunt accusamus.',0,1,NULL,'1998-02-04 22:45:53','2020-07-27 22:22:42'),(59,3,76,'Magnam voluptatum dolor expedita quia. Animi enim nesciunt dicta voluptatem quibusdam aliquid molestiae.',0,0,NULL,'2018-10-08 03:27:43','2020-07-27 22:22:42'),(60,85,34,'Mollitia voluptatibus rem sit laborum ex. Voluptas fuga enim ut aut. Atque qui voluptatum nemo voluptatem doloribus sunt.',1,0,NULL,'1994-12-09 16:54:43','2020-07-27 22:22:42'),(61,16,41,'Id incidunt dolorum assumenda repudiandae reprehenderit nam provident. Labore facere dolore repellat vero qui. Autem dolor quos aut sed voluptatibus iste. Dicta sequi blanditiis quaerat nesciunt.',0,0,NULL,'1995-03-21 18:00:08','2020-07-27 22:22:42'),(62,25,100,'Dolor quis harum quos beatae sed. Eveniet soluta impedit quasi ut aliquam. Consequatur quis repudiandae dolor vero voluptatem sunt.',1,0,NULL,'2012-03-15 03:13:07','2020-07-27 22:22:42'),(63,76,79,'Quis aut voluptate ex maxime quisquam quis et cupiditate. Voluptas id nihil molestiae quod molestiae quam. Tempora dignissimos at repellat iste. Aut soluta reprehenderit ratione necessitatibus libero sit est.',1,0,NULL,'1996-01-27 20:43:57','2020-07-27 22:22:42'),(64,6,93,'Ut molestiae inventore eos mollitia eveniet id. Iste illum natus voluptatem. Repudiandae laborum nam cum deleniti excepturi corporis. Iusto exercitationem quam rerum rerum corporis.',0,0,NULL,'1996-06-21 02:55:53','2020-07-27 22:22:42'),(65,100,28,'Laboriosam est unde reprehenderit nemo vero error est. Necessitatibus possimus impedit sed dolor rerum ullam necessitatibus hic. Dolor qui consequatur quaerat pariatur et repellat facilis.',1,1,NULL,'1991-06-30 10:21:06','2020-07-27 22:22:42'),(66,83,59,'Est nihil quia omnis quia. Id a reprehenderit ab vel illo. Neque quasi voluptate numquam maxime. Incidunt qui eius sed voluptatem ut animi fugit.',1,1,NULL,'2006-02-26 00:59:52','2020-07-27 22:22:42'),(67,14,10,'Quaerat in quia illo expedita. Suscipit accusamus fugit in et deleniti omnis rerum. Velit quae ullam enim non tempore dolores. Cum quam quibusdam quia saepe est.',1,1,NULL,'2008-12-26 19:36:18','2020-07-27 22:22:42'),(68,19,73,'Iusto nulla repellat cumque omnis dolor voluptates. Magnam facere et quia omnis quaerat. Temporibus modi corrupti quidem et autem blanditiis veniam. Eos saepe dolore cupiditate necessitatibus maiores doloribus.',1,1,NULL,'1995-08-03 07:03:39','2020-07-27 22:22:42'),(69,52,37,'Quos aut ut et tempora. Asperiores incidunt eum dolorem doloremque maiores ab ab. Non voluptatem sequi nam voluptatem itaque autem commodi dolores. Unde ut ea in sunt.',0,0,NULL,'1990-09-27 03:25:34','2020-07-27 22:22:42'),(70,6,62,'Corrupti excepturi numquam cum aut magni eos cupiditate harum. Fuga voluptas quidem commodi facere sint saepe. Exercitationem voluptas quas perspiciatis dolorum quisquam dolorem. Similique expedita quod non iste doloribus.',0,1,NULL,'1992-02-03 08:51:15','2020-07-27 22:22:42'),(71,70,100,'Consectetur ipsa nemo facilis quia. Quam itaque exercitationem molestias. Nemo qui repellat quod odit.',1,1,NULL,'2018-09-30 19:37:18','2020-07-27 22:22:42'),(72,31,12,'Est eius voluptas sit qui itaque incidunt. Ipsum quaerat ad fuga qui cumque quis iure nihil. Cum hic voluptatem voluptatem in qui dolor. Occaecati dolor aliquid maiores qui voluptatem qui. Animi maxime esse illum est voluptas aperiam qui.',0,1,NULL,'1995-03-24 03:02:53','2020-07-27 22:22:42'),(73,47,59,'Consequatur sunt saepe nemo quisquam. In nisi et illo ab odio eaque ut autem. Sit dolor ratione eligendi ea et dolor non tempore.',0,0,NULL,'2016-08-15 14:21:09','2020-07-27 22:22:42'),(74,42,59,'Rerum perferendis inventore amet voluptatem. Consequatur deserunt rerum qui sint. Voluptatem autem voluptas autem architecto ratione temporibus ullam.',0,1,NULL,'2004-01-08 18:35:14','2020-07-27 22:22:42'),(75,68,18,'Inventore velit sunt rerum sint. Repudiandae nisi amet recusandae maiores reprehenderit. Reiciendis et dolore harum perferendis. Tenetur eius nobis ut recusandae mollitia aperiam ratione molestiae.',1,1,NULL,'2000-04-13 05:04:56','2020-07-27 22:22:42'),(76,11,15,'Dolor quia voluptate vel ab dicta nihil veritatis. Magnam et tempore unde magnam. Nostrum dolores deserunt dolor. Nisi est blanditiis similique culpa omnis.',1,0,NULL,'2008-03-18 12:36:29','2020-07-27 22:22:42'),(77,54,17,'Optio dignissimos et odio qui ipsa. Amet tenetur itaque praesentium ut autem omnis voluptatem. Repudiandae pariatur nemo et est blanditiis quia.',0,1,NULL,'2005-06-13 02:05:18','2020-07-27 22:22:42'),(78,34,40,'Repellendus libero minus id eius. Qui quod et expedita. Quaerat dolorem molestias ut aut ut rerum aspernatur.',1,0,NULL,'2006-11-13 14:53:35','2020-07-27 22:22:42'),(79,9,49,'Quia excepturi repellat et modi enim reiciendis. Consectetur explicabo hic architecto facilis dolor eaque. Minima rem ea quia molestiae. Laboriosam architecto dignissimos magnam repudiandae debitis accusantium.',0,1,NULL,'1997-04-28 02:05:04','2020-07-27 22:22:42'),(80,42,25,'Consequatur voluptatem esse eos sapiente dicta eius. Facilis qui praesentium et libero soluta. Ut voluptas dolores id incidunt reprehenderit cum. Voluptatem necessitatibus voluptatem atque impedit voluptate repellendus.',1,0,NULL,'1997-12-24 17:41:06','2020-07-27 22:22:42'),(81,83,75,'Consequatur iste voluptatem eos non rem recusandae. Non consequatur voluptatum sit placeat soluta eaque pariatur. Occaecati expedita dolor hic doloremque qui. Cupiditate sint aliquam tempora dolores at. Quis in aut adipisci suscipit reprehenderit nobis animi.',1,1,NULL,'2010-05-17 00:40:00','2020-07-27 22:22:42'),(82,88,1,'Blanditiis accusantium veniam voluptate quia aliquid. Itaque reiciendis modi magni adipisci fugit quidem nulla. Est velit nulla dolor quia.',0,0,NULL,'2004-04-05 23:12:08','2020-07-27 22:22:42'),(83,89,81,'Nobis natus quia et ducimus fuga maiores. Aspernatur eum sed blanditiis illo laborum. Animi qui sit et minus. Est voluptas rem voluptates vero doloremque aliquid.',1,1,NULL,'1993-10-31 00:54:53','2020-07-27 22:22:42'),(84,81,1,'Libero et dolores omnis. Est rerum eos similique quis nesciunt rerum fugiat. Vero nihil et natus et vel fuga.',0,0,NULL,'1998-02-23 12:00:21','2020-07-27 22:22:42'),(85,37,59,'Et adipisci voluptatibus quisquam voluptatem temporibus quo. Assumenda possimus veniam error sunt nam deserunt dolor. Vel et sed sit reprehenderit reiciendis iste incidunt consectetur.',0,1,NULL,'2015-11-26 22:12:28','2020-07-27 22:22:42'),(86,43,93,'Et aut non dolores aspernatur iusto repellendus. Illo officiis eos sit provident necessitatibus ut.',0,1,NULL,'2019-04-06 16:14:45','2020-07-27 22:22:42'),(87,2,87,'Totam fuga culpa doloribus et est qui aut. Deleniti id ut voluptatum ut occaecati. Nesciunt et neque et illo quisquam. Aut occaecati expedita et sit voluptas quae.',1,1,NULL,'2002-12-01 14:57:26','2020-07-27 11:42:59'),(88,80,57,'A commodi odit perferendis earum. Ut aut ea nihil qui facilis autem. Eaque libero sint qui quod a quis.',0,0,NULL,'1999-05-25 09:59:58','2020-07-27 22:22:42'),(89,95,24,'Omnis veritatis ipsa iusto temporibus nisi veritatis. Enim sed rerum non qui non consequatur. Iure qui dolore corporis molestias impedit expedita. Voluptate quis molestias velit aut eius hic aut.',0,1,NULL,'2015-01-11 08:52:18','2020-07-27 22:22:42'),(90,33,49,'Voluptatum dolorem ducimus in nisi ut dicta repellat. Dolor dolore autem maxime explicabo in odit.',0,0,NULL,'2004-02-02 09:43:14','2020-07-27 22:22:42'),(91,80,73,'Enim non aliquid impedit eveniet dolorem molestias sequi. Debitis sit molestias sit recusandae sint tenetur doloribus. Tempore est ut modi maiores ut tenetur enim occaecati. Nostrum rem magni magni.',0,1,NULL,'1996-02-06 20:44:16','2020-07-27 22:22:42'),(92,3,17,'Sequi aliquid iusto quibusdam cumque quidem. Placeat nihil repudiandae fuga. Iusto nulla enim in adipisci.',1,1,NULL,'1998-01-05 15:09:52','2020-07-27 22:22:42'),(93,72,64,'Hic ea quos magni non sit quod ipsum. Quia id tempora at nostrum. Corporis voluptatem vitae rerum porro qui.',1,0,NULL,'2003-06-29 01:00:48','2020-07-27 22:22:42'),(94,49,68,'Aut quia cumque quod ut. Quaerat et quae autem aut aut. Omnis praesentium incidunt autem. Deleniti culpa ullam officia et eveniet rerum.',0,0,NULL,'2006-09-29 07:54:33','2020-07-27 22:22:42'),(95,31,48,'Perspiciatis voluptates qui dolorem. Nihil natus hic impedit occaecati. Ratione similique modi in impedit sit iure hic.',0,1,NULL,'2013-01-13 23:14:16','2020-07-27 22:22:42'),(96,5,37,'Consectetur iusto dolor iste porro. Aspernatur sint nostrum debitis error laborum omnis. Enim illum aut sit saepe. Maiores laborum incidunt dolores. Sit quibusdam iure enim et facilis distinctio.',0,0,NULL,'2015-04-29 05:13:54','2020-07-27 22:22:42'),(97,34,42,'Hic rerum iure in aut. Ex et quia in autem at. Non aut voluptas magnam. Non a et praesentium repellendus excepturi vel corrupti.',1,0,NULL,'2018-10-16 00:29:54','2020-07-27 22:22:42'),(98,54,95,'Vero consequatur tenetur quo voluptas molestias. Qui consequatur tempora vitae quaerat. Fugiat delectus quo placeat. Rem et amet porro exercitationem sequi quasi culpa.',0,0,NULL,'2017-02-17 16:49:24','2020-07-27 22:22:42'),(99,67,50,'Nemo dolor voluptatem adipisci. Cumque eos excepturi qui voluptate vitae eos repudiandae. Ipsa harum provident eum recusandae. Maiores consequatur iure aut modi qui.',1,1,NULL,'1990-08-19 05:56:02','2020-07-27 22:22:42'),(100,71,64,'Id et qui ducimus corrupti. Praesentium impedit non non et fugit debitis adipisci. Consequatur accusantium nesciunt eos soluta optio velit voluptates et. Fuga enim distinctio voluptate.',1,1,NULL,'2010-11-19 21:51:13','2020-07-27 22:22:42');
/*!40000 ALTER TABLE `messages` ENABLE KEYS */;
UNLOCK TABLES;

--
-- Table structure for table `profiles`
--

DROP TABLE IF EXISTS `profiles`;
/*!40101 SET @saved_cs_client     = @@character_set_client */;
/*!50503 SET character_set_client = utf8mb4 */;
CREATE TABLE `profiles` (
  `user_id` int unsigned NOT NULL COMMENT 'Ссылка на пользователя',
  `gender` char(1) CHARACTER SET utf8 COLLATE utf8_unicode_ci NOT NULL COMMENT 'Пол',
  `birthday` date DEFAULT NULL COMMENT 'Дата рождения',
  `photo_id` int unsigned DEFAULT NULL COMMENT 'Ссылка на основную фотографию пользователя',
  `city` varchar(130) CHARACTER SET utf8 COLLATE utf8_unicode_ci DEFAULT NULL COMMENT 'Город проживания',
  `country` varchar(130) CHARACTER SET utf8 COLLATE utf8_unicode_ci DEFAULT NULL COMMENT 'Страна проживания',
  `updated_at` datetime DEFAULT CURRENT_TIMESTAMP ON UPDATE CURRENT_TIMESTAMP COMMENT 'Время обновления строки',
  PRIMARY KEY (`user_id`)
) ENGINE=InnoDB DEFAULT CHARSET=utf8 COLLATE=utf8_unicode_ci COMMENT='Профили';
/*!40101 SET character_set_client = @saved_cs_client */;

--
-- Dumping data for table `profiles`
--

LOCK TABLES `profiles` WRITE;
/*!40000 ALTER TABLE `profiles` DISABLE KEYS */;
INSERT INTO `profiles` VALUES (1,'m','2015-06-06',38,'Lake Rogeliobury','Macedonia','2020-07-27 11:37:04'),(2,'m','1993-04-08',83,'Port Tatyanaside','China','2020-07-27 11:37:04'),(3,'f','2001-10-16',98,'South Vaughn','Northern Mariana Islands','2020-07-27 11:37:04'),(4,'m','1972-06-26',41,'Jaylenfort','Martinique','2020-07-27 11:37:04'),(5,'f','1977-06-15',9,'Port Minniefort','French Guiana','2020-07-27 11:37:04'),(6,'m','2017-08-02',25,'Klockoport','Jamaica','2020-07-27 11:37:04'),(7,'m','1986-03-02',94,'Lake Juanitafort','Finland','2020-07-27 11:37:04'),(8,'f','1980-02-07',97,'North Jordynstad','Lesotho','2020-07-27 11:37:04'),(9,'m','2020-02-17',4,'Hintzmouth','Austria','2020-07-27 11:37:04'),(10,'m','1977-09-25',26,'Jayceeside','Qatar','2020-07-27 11:37:04'),(11,'m','2008-07-17',16,'Imeldaview','Jersey','2020-07-27 11:37:04'),(12,'f','2019-12-10',3,'Stevieland','Argentina','2020-07-27 11:37:04'),(13,'m','2006-06-15',67,'East Sarahmouth','Latvia','2020-07-27 11:37:04'),(14,'f','1979-11-07',25,'East D\'angelo','Indonesia','2020-07-27 11:37:04'),(15,'m','1987-06-26',25,'West Orlo','New Zealand','2020-07-27 11:37:04'),(16,'f','2011-02-04',48,'Verliemouth','Greenland','2020-07-27 11:37:04'),(17,'m','1991-06-27',63,'Fritschfort','Indonesia','2020-07-27 11:37:04'),(18,'m','2016-02-29',71,'East Evangeline','Guadeloupe','2020-07-27 11:37:04'),(19,'f','2001-09-23',67,'Stokeshaven','Mayotte','2020-07-27 11:37:04'),(20,'f','1981-07-15',20,'Reillyborough','Botswana','2020-07-27 11:37:04'),(21,'m','2008-10-13',98,'Maryseberg','New Caledonia','2020-07-27 11:37:04'),(22,'m','1976-01-14',32,'Curtisside','Kyrgyz Republic','2020-07-27 11:37:04'),(23,'f','1982-03-20',65,'Davetown','Liberia','2020-07-27 11:37:04'),(24,'m','2015-11-16',26,'Agustinamouth','Georgia','2020-07-27 11:37:04'),(25,'m','2009-10-01',38,'Anitaberg','Lesotho','2020-07-27 11:37:04'),(26,'f','1996-02-14',10,'Port Earnesthaven','Saint Lucia','2020-07-27 11:37:04'),(27,'m','1988-05-15',34,'Rathstad','Serbia','2020-07-27 11:37:04'),(28,'m','2015-05-04',41,'North Mariano','Bahrain','2020-07-27 11:37:04'),(29,'f','2015-11-03',3,'Bartonton','Malawi','2020-07-27 11:37:04'),(30,'m','2004-02-04',92,'Lake Skyeborough','South Africa','2020-07-27 11:37:04'),(31,'f','1975-12-25',48,'Tyrellchester','Saint Vincent and the Grenadines','2020-07-27 11:37:04'),(32,'m','2015-12-30',66,'Lake Nyah','Guam','2020-07-27 11:37:04'),(33,'m','1996-10-22',85,'North Burdette','Senegal','2020-07-27 11:37:04'),(34,'f','1975-05-17',24,'North Garnett','Azerbaijan','2020-07-27 11:37:04'),(35,'f','2009-01-17',67,'Port Hayden','Bahrain','2020-07-27 11:37:04'),(36,'m','1989-07-20',64,'Hamillland','Haiti','2020-07-27 11:37:04'),(37,'m','1976-06-03',15,'West Theodorahaven','Cocos (Keeling) Islands','2020-07-27 11:37:04'),(38,'m','2000-06-04',84,'South Autumn','Taiwan','2020-07-27 11:37:04'),(39,'f','1989-08-11',73,'East Estellastad','French Guiana','2020-07-27 11:37:04'),(40,'f','1979-08-12',12,'North Lisandro','Chad','2020-07-27 11:37:04'),(41,'m','2008-04-07',42,'New Armando','Turks and Caicos Islands','2020-07-27 11:37:04'),(42,'f','2002-06-15',71,'Heaneymouth','Christmas Island','2020-07-27 11:37:04'),(43,'m','2019-01-28',32,'Goyetteborough','Antarctica (the territory South of 60 deg S)','2020-07-27 11:37:04'),(44,'m','2007-03-12',45,'Erynchester','Christmas Island','2020-07-27 11:37:04'),(45,'m','2015-11-06',28,'Arnoldoborough','Cook Islands','2020-07-27 11:37:04'),(46,'f','1981-11-23',6,'Lake Billytown','Argentina','2020-07-27 11:37:04'),(47,'m','1981-08-14',46,'North Eda','Hong Kong','2020-07-27 11:37:04'),(48,'m','1993-07-29',12,'West Macyberg','Malta','2020-07-27 11:37:04'),(49,'m','1979-10-02',19,'Jedediahfort','Montserrat','2020-07-27 11:37:04'),(50,'f','1971-07-01',61,'Jerdechester','Trinidad and Tobago','2020-07-27 11:37:04'),(51,'m','2006-08-01',44,'Bergstromfurt','Mongolia','2020-07-27 11:37:04'),(52,'f','1981-07-05',40,'Pollichfurt','Falkland Islands (Malvinas)','2020-07-27 11:37:04'),(53,'m','2006-10-26',67,'East Sisterbury','Kiribati','2020-07-27 11:37:04'),(54,'f','2006-12-26',15,'McKenzieside','Switzerland','2020-07-27 11:37:04'),(55,'f','1988-07-20',71,'North Naomishire','Guadeloupe','2020-07-27 11:37:04'),(56,'m','2016-10-26',11,'East Hal','Nicaragua','2020-07-27 11:37:04'),(57,'f','1996-01-03',42,'West Lloyd','Senegal','2020-07-27 11:37:04'),(58,'m','1976-03-30',77,'Lake Janet','Botswana','2020-07-27 11:37:04'),(59,'f','1976-11-23',59,'Janessaton','Uruguay','2020-07-27 11:37:04'),(60,'f','2019-01-09',64,'New Kari','Northern Mariana Islands','2020-07-27 11:37:04'),(61,'m','2000-05-06',39,'Rowlandchester','Mayotte','2020-07-27 11:37:04'),(62,'f','2013-04-04',6,'Jacobibury','Aruba','2020-07-27 11:37:04'),(63,'f','1977-09-22',13,'New Alicia','Palau','2020-07-27 11:37:04'),(64,'f','2012-03-19',44,'Hellenton','Syrian Arab Republic','2020-07-27 11:37:04'),(65,'m','2000-10-11',83,'South Dorothy','Anguilla','2020-07-27 11:37:04'),(66,'f','2017-01-18',81,'Port Rhiannahaven','Guernsey','2020-07-27 11:37:04'),(67,'f','1975-05-08',56,'Port Kendraberg','Marshall Islands','2020-07-27 11:37:04'),(68,'f','1978-09-17',38,'East Dorotheatown','Antarctica (the territory South of 60 deg S)','2020-07-27 11:37:04'),(69,'f','2006-12-17',20,'Stiedemannshire','Niue','2020-07-27 11:37:04'),(70,'m','1994-11-24',88,'West Mariela','Egypt','2020-07-27 11:37:04'),(71,'m','2000-02-24',76,'Stoltenbergport','Turkmenistan','2020-07-27 11:37:04'),(72,'m','1977-03-29',18,'Lake Malcolmton','Sri Lanka','2020-07-27 11:37:04'),(73,'f','1972-06-18',60,'North Edwardport','Indonesia','2020-07-27 11:37:04'),(74,'f','1992-05-31',46,'East Neilbury','Zimbabwe','2020-07-27 11:37:04'),(75,'m','1999-01-26',52,'Marcelletown','Bermuda','2020-07-27 11:37:04'),(76,'m','2007-08-27',18,'Mertzburgh','Jersey','2020-07-27 11:37:04'),(77,'f','1999-08-14',34,'Calebfort','San Marino','2020-07-27 11:37:04'),(78,'f','2009-06-01',18,'East Donnellmouth','Singapore','2020-07-27 11:37:04'),(79,'f','1986-08-25',86,'North Elwynside','Panama','2020-07-27 11:37:04'),(80,'f','1989-08-09',77,'Waelchiborough','Lebanon','2020-07-27 11:37:04'),(81,'m','2011-09-04',27,'Schadenview','Somalia','2020-07-27 11:37:04'),(82,'f','2006-05-06',4,'Bauchville','Rwanda','2020-07-27 11:37:04'),(83,'m','1970-08-16',39,'Justineside','Greece','2020-07-27 11:37:04'),(84,'f','1984-04-21',82,'Medhurstfurt','Mongolia','2020-07-27 11:37:04'),(85,'f','1977-03-10',93,'Shaneview','Niger','2020-07-27 11:37:04'),(86,'f','1988-06-13',17,'Cristophermouth','Palestinian Territory','2020-07-27 11:37:04'),(87,'m','1986-07-06',8,'North Garth','United Kingdom','2020-07-27 11:37:04'),(88,'m','1998-05-06',88,'New Rodolfo','Mongolia','2020-07-27 11:37:04'),(89,'m','2017-10-28',14,'East Rocio','Tokelau','2020-07-27 11:37:04'),(90,'f','2004-12-27',7,'Balistreriburgh','Samoa','2020-07-27 11:37:04'),(91,'m','1975-04-22',90,'Weimannport','Vietnam','2020-07-27 11:37:04'),(92,'f','2020-02-18',29,'Trishashire','Greenland','2020-07-27 11:37:04'),(93,'f','1971-11-22',77,'Port Earline','British Virgin Islands','2020-07-27 11:37:04'),(94,'f','2001-02-20',95,'Ziemestad','Aruba','2020-07-27 11:37:04'),(95,'m','1994-08-11',43,'East Myaberg','Faroe Islands','2020-07-27 11:37:04'),(96,'m','1989-04-20',29,'Port Nannie','Zimbabwe','2020-07-27 11:37:04'),(97,'m','2007-08-25',16,'North Sven','Puerto Rico','2020-07-27 11:37:04'),(98,'f','1994-05-24',95,'Port Domenica','Rwanda','2020-07-27 11:37:04'),(99,'m','1991-05-14',23,'Kiehnchester','Ireland','2020-07-27 11:37:04'),(100,'f','1999-02-15',31,'Johnstonshire','British Indian Ocean Territory (Chagos Archipelago)','2020-07-27 11:37:04');
/*!40000 ALTER TABLE `profiles` ENABLE KEYS */;
UNLOCK TABLES;

--
-- Table structure for table `users`
--

DROP TABLE IF EXISTS `users`;
/*!40101 SET @saved_cs_client     = @@character_set_client */;
/*!50503 SET character_set_client = utf8mb4 */;
CREATE TABLE `users` (
  `id` int unsigned NOT NULL AUTO_INCREMENT COMMENT 'Идентификатор строки',
  `first_name` varchar(100) CHARACTER SET utf8 COLLATE utf8_unicode_ci NOT NULL COMMENT 'Имя пользователя',
  `last_name` varchar(100) CHARACTER SET utf8 COLLATE utf8_unicode_ci NOT NULL COMMENT 'Фамилия пользователя',
  `email` varchar(100) CHARACTER SET utf8 COLLATE utf8_unicode_ci NOT NULL COMMENT 'Почта',
  `phone` varchar(100) CHARACTER SET utf8 COLLATE utf8_unicode_ci NOT NULL COMMENT 'Телефон',
  `created_at` datetime DEFAULT CURRENT_TIMESTAMP COMMENT 'Время создания строки',
  `updated_at` datetime DEFAULT CURRENT_TIMESTAMP ON UPDATE CURRENT_TIMESTAMP COMMENT 'Время обновления строки',
  PRIMARY KEY (`id`),
  UNIQUE KEY `email` (`email`),
  UNIQUE KEY `phone` (`phone`)
) ENGINE=InnoDB AUTO_INCREMENT=101 DEFAULT CHARSET=utf8 COLLATE=utf8_unicode_ci COMMENT='Пользователи';
/*!40101 SET character_set_client = @saved_cs_client */;

--
-- Dumping data for table `users`
--

LOCK TABLES `users` WRITE;
/*!40000 ALTER TABLE `users` DISABLE KEYS */;
INSERT INTO `users` VALUES (1,'Ernie','Mertz','wilfrid.pfeffer@example.org','569-513-9921x783','1990-11-02 19:50:56','2020-07-19 11:45:48'),(2,'Bella','Mertz','nasir05@example.com','1-483-698-1000x208','2015-07-17 17:12:27','2020-07-12 02:00:45'),(3,'Johann','Considine','schimmel.laurel@example.com','(525)169-3072','1998-09-21 12:25:24','2020-07-16 21:12:23'),(4,'Velma','Kris','ronny46@example.net','1-730-943-6831','2010-01-21 16:57:54','2020-07-13 04:17:02'),(5,'Madisyn','Hauck','zemlak.haylee@example.com','047.564.1994','2005-06-30 14:32:26','2020-07-12 11:24:06'),(6,'Ivory','Swaniawski','gorczany.markus@example.com','+89(0)5573143836','1993-09-24 21:47:10','2020-07-01 08:13:22'),(7,'Eugenia','Lemke','terrill.schaefer@example.org','(106)215-8913x596','2010-02-14 02:42:48','2020-07-11 13:05:06'),(8,'Nayeli','Gleichner','wgleichner@example.com','401.811.1552','2004-02-13 05:42:26','2020-06-30 20:22:46'),(9,'Allene','O\'Kon','yesenia83@example.net','(194)166-2756','2015-03-11 05:03:38','2020-06-27 09:50:17'),(10,'Zechariah','Boyer','tbahringer@example.net','1-433-808-9503x883','1991-08-22 16:14:31','2020-07-17 18:20:33'),(11,'Juvenal','Kemmer','karlee.monahan@example.org','206.112.5297','2014-09-19 19:17:32','2020-06-24 03:06:22'),(12,'Shea','Kunde','gennaro.hahn@example.net','1-768-569-0900','2002-12-16 05:51:37','2020-07-18 01:05:53'),(13,'Ivah','Wiegand','aurore.adams@example.net','122-031-6655x92080','1996-05-10 19:16:59','2020-07-06 15:53:16'),(14,'Margie','Christiansen','lottie.watsica@example.org','863-738-7406','1990-09-23 21:01:43','2020-07-19 22:53:43'),(15,'Christine','Nitzsche','abernathy.lucinda@example.org','267.630.7212x6252','1999-01-01 04:38:12','2020-07-22 01:20:17'),(16,'Kelsie','Emmerich','vwuckert@example.org','09492590701','2008-08-06 16:08:20','2020-07-06 12:54:33'),(17,'Lyla','Pacocha','hilario.haley@example.org','938.814.7445','1996-05-03 18:30:57','2020-07-07 22:29:10'),(18,'Vada','Ritchie','taryn39@example.com','1-462-208-5024x0354','2019-09-18 14:27:00','2020-06-25 07:25:04'),(19,'Randi','Brakus','christiansen.reilly@example.com','115-630-8765x212','2017-04-02 05:36:28','2020-07-14 02:15:30'),(20,'Coty','Wiegand','sryan@example.com','805-248-3220x3527','2016-12-03 17:26:06','2020-07-03 11:10:25'),(21,'Shanelle','Windler','schroeder.princess@example.com','+06(5)0450075447','2006-11-08 08:13:05','2020-07-03 17:30:14'),(22,'Loren','Pfannerstill','meffertz@example.net','461-629-0890x025','2000-09-25 05:40:23','2020-06-24 18:11:12'),(23,'Rosina','Stiedemann','zkoelpin@example.org','(603)359-7425x83053','1991-11-19 01:52:32','2020-06-27 11:31:58'),(24,'Creola','Howell','ocrooks@example.net','1-170-964-0015x44765','2020-05-10 22:10:17','2020-07-02 19:34:02'),(25,'Percy','Raynor','effertz.benjamin@example.com','924.891.9098x387','2000-08-27 15:24:40','2020-06-30 21:57:14'),(26,'Jailyn','Nienow','ezboncak@example.net','07229837411','1993-08-04 20:04:28','2020-06-29 09:33:25'),(27,'German','Simonis','marshall90@example.org','+79(6)3666509404','1999-05-01 09:39:46','2020-07-08 15:56:08'),(28,'Eliane','Langworth','kemard@example.com','+40(8)2355602134','2017-05-14 08:04:57','2020-07-18 19:54:17'),(29,'Angelica','Sipes','elmo99@example.org','451-726-1484','2013-09-10 23:18:56','2020-06-25 20:30:35'),(30,'Bo','Boyle','nakia18@example.org','+73(0)1792232216','2017-06-29 21:19:05','2020-07-19 07:18:09'),(31,'Americo','Nitzsche','pansy.sipes@example.org','(382)923-8689','2018-01-17 12:06:53','2020-07-04 11:41:14'),(32,'Sterling','Rohan','cynthia12@example.com','1-833-492-3156','1991-09-03 03:37:55','2020-07-14 20:37:07'),(33,'Leila','Shanahan','lauren47@example.net','769-587-6801','1991-06-25 01:50:32','2020-07-11 11:50:28'),(34,'Virgie','Kerluke','rwitting@example.org','(425)764-4963','2002-02-10 08:11:16','2020-06-25 14:35:51'),(35,'Ulises','Bergnaum','carter.jed@example.org','+25(5)1843089225','2010-11-13 03:49:14','2020-07-02 07:24:26'),(36,'Nya','Lockman','hfadel@example.net','1-018-324-5294x91505','2009-06-21 03:35:03','2020-07-12 18:14:52'),(37,'Susana','Pfannerstill','d\'amore.werner@example.com','1-749-227-5200x6373','1993-01-21 07:27:03','2020-07-07 04:50:24'),(38,'Georgette','Becker','kuhic.adah@example.net','1-588-530-7523','2003-02-15 02:22:02','2020-07-09 21:02:34'),(39,'Ila','Kozey','lorna.bailey@example.com','030.547.3987x037','1999-06-08 05:35:52','2020-07-09 13:11:14'),(40,'Geovanny','Gislason','mpurdy@example.net','426-883-1081','2013-04-01 17:47:28','2020-07-16 12:46:32'),(41,'Will','Johnston','laurine.rau@example.net','1-681-603-6127x9368','2013-09-24 15:30:18','2020-07-01 10:17:24'),(42,'Lizeth','Schaefer','hwitting@example.com','(562)973-6773','2006-01-25 16:16:55','2020-07-03 15:09:40'),(43,'Davonte','Crona','isabell.schaefer@example.com','057.028.5528x1962','2000-03-10 01:07:22','2020-07-14 07:45:58'),(44,'Faustino','Kautzer','chloe.mraz@example.com','299.331.6137x88546','2007-09-14 06:00:35','2020-07-09 02:29:53'),(45,'Nola','Breitenberg','nikki.auer@example.net','415.832.6113x912','2014-08-06 11:30:37','2020-06-28 12:02:25'),(46,'Virgil','Green','kzieme@example.net','589.422.2701x1987','2014-01-28 02:02:46','2020-07-19 16:32:21'),(47,'Isom','Spencer','dubuque.leland@example.net','978.788.8389','1994-02-24 13:44:43','2020-07-04 23:36:37'),(48,'Kian','Runte','everardo79@example.org','(182)516-8021x63802','2002-11-07 03:58:58','2020-06-27 15:36:19'),(49,'Taryn','Douglas','konopelski.marcelina@example.net','06445617695','2013-09-05 13:45:04','2020-07-19 10:34:14'),(50,'Tessie','Brown','shanahan.denis@example.net','1-281-505-1799','2007-08-29 06:05:39','2020-07-02 02:55:25'),(51,'Mossie','Hamill','feest.tiffany@example.org','(199)265-8223','2005-06-20 01:22:34','2020-06-24 06:17:52'),(52,'Helene','Hand','corkery.jayde@example.org','(786)857-2745','1990-09-15 00:18:10','2020-07-16 22:56:13'),(53,'Abbigail','Smitham','antoinette07@example.com','1-615-674-3422','2017-12-21 19:41:03','2020-06-24 18:36:02'),(54,'Hermina','Boehm','uking@example.com','(520)325-4605x80770','2016-05-09 14:02:49','2020-07-10 14:41:01'),(55,'Raymundo','Wisozk','yost.eleonore@example.net','514.168.2685','2010-06-07 17:22:56','2020-07-11 21:06:31'),(56,'Carmella','Stracke','greenfelder.keshaun@example.org','294-418-3718x65808','2005-12-31 23:25:12','2020-07-08 15:44:45'),(57,'Eldora','Orn','volkman.anabelle@example.org','(493)631-3366x84025','1992-05-03 11:35:17','2020-06-27 14:41:48'),(58,'Veronica','Hamill','llangworth@example.net','553-665-1883x6662','2019-04-01 12:44:45','2020-06-24 17:47:06'),(59,'Jaleel','Tillman','helena.stoltenberg@example.net','1-786-519-0617','2019-02-17 02:42:06','2020-06-29 07:56:51'),(60,'Genevieve','Ziemann','xsenger@example.com','816-591-8011x83987','1991-11-02 16:22:01','2020-07-19 09:45:55'),(61,'Idell','Hudson','myra.glover@example.com','398.895.0333x97675','2009-03-28 23:16:07','2020-06-30 23:55:54'),(62,'Peter','Herzog','laverne.west@example.com','(590)995-8329','2007-10-08 13:13:32','2020-07-03 07:11:29'),(63,'Guillermo','Batz','ohilpert@example.org','07471827279','2001-02-08 02:21:30','2020-07-18 05:05:28'),(64,'Unique','Pollich','raymundo74@example.com','1-225-220-4182','1997-07-12 21:31:31','2020-07-01 02:33:50'),(65,'Orville','Brown','laurianne.labadie@example.net','860.576.5355','1996-10-09 06:08:51','2020-07-06 19:28:40'),(66,'Chet','Connelly','wdouglas@example.com','467.829.7642','2009-09-18 07:47:52','2020-07-22 17:05:57'),(67,'Callie','Stroman','dbeier@example.org','411.521.7416','1997-02-17 21:42:47','2020-07-14 06:23:44'),(68,'Jessica','Johnston','ho\'hara@example.net','1-049-179-0022x538','2019-03-12 15:55:34','2020-06-30 03:05:53'),(69,'Lempi','Wiza','mante.kadin@example.net','093.209.0555x82667','1991-06-21 23:37:35','2020-07-03 05:28:47'),(70,'Gilda','Effertz','tom.brekke@example.com','286.720.9826x838','2009-05-13 04:51:44','2020-07-18 19:35:22'),(71,'Wilburn','Bogisich','hahn.aisha@example.org','+00(5)6811440814','2015-01-24 01:34:15','2020-07-17 07:24:32'),(72,'Paula','Wunsch','murazik.alysha@example.net','292-685-2561x51870','1991-11-23 11:16:39','2020-07-11 01:19:19'),(73,'Conner','Weimann','anais.gutmann@example.org','023.862.6032x1337','2012-05-15 03:21:19','2020-07-13 04:10:00'),(74,'Elena','Ledner','haley.kiel@example.com','243.909.8583x4393','2010-11-03 02:32:20','2020-07-12 22:30:22'),(75,'Carli','Sawayn','earline68@example.org','1-613-426-9282','1995-11-30 18:16:50','2020-07-05 08:02:39'),(76,'Wilfred','Hahn','ellsworth.schmitt@example.net','03689723284','1993-07-28 23:24:31','2020-07-06 23:34:57'),(77,'Dante','Ratke','odessa.barrows@example.net','933-899-3046','2015-10-13 01:49:13','2020-07-11 21:41:03'),(78,'Grayce','Simonis','hermann.ivy@example.org','926.868.5915','2013-01-19 19:04:52','2020-07-15 07:00:16'),(79,'Corbin','Huels','jackeline92@example.net','07274024673','2020-02-02 18:12:27','2020-07-20 08:05:44'),(80,'Marianne','Gerlach','jedidiah.nitzsche@example.com','023-849-6638','1995-05-23 18:46:19','2020-07-10 08:39:56'),(81,'Robert','Stanton','thompson.rosie@example.net','552-282-7302x699','2007-02-03 08:35:05','2020-07-04 11:43:20'),(82,'Princess','Cronin','soledad.herman@example.com','(027)962-4748','2019-05-15 23:09:42','2020-07-09 15:26:05'),(83,'Leann','McClure','samara40@example.com','(247)558-8685x66378','2013-01-29 23:05:55','2020-06-30 04:34:05'),(84,'Mavis','Klein','williamson.alexandrine@example.com','760.096.8504','2014-01-26 23:10:55','2020-06-27 22:28:54'),(85,'Furman','McCullough','waylon.schmitt@example.net','042-894-7510','2001-02-24 02:39:04','2020-07-17 09:41:12'),(86,'Zoila','Weber','kshlerin.ike@example.net','(184)603-7523','1993-02-02 01:06:30','2020-06-26 10:56:14'),(87,'Sim','Bartoletti','mstreich@example.net','(045)019-0276x630','1997-02-03 15:27:50','2020-07-11 20:55:31'),(88,'Eldora','Bayer','schultz.albin@example.net','831.463.4363','1991-04-11 21:40:40','2020-06-25 00:08:25'),(89,'Hope','Yost','schamberger.karen@example.net','1-735-968-5749x676','2005-05-12 08:34:05','2020-07-04 08:33:43'),(90,'Alvera','Mueller','ierdman@example.net','705.822.6481','2001-07-26 08:44:30','2020-07-14 18:45:19'),(91,'Ada','Renner','fritz.rowe@example.com','1-646-805-3497x380','2016-02-07 11:17:59','2020-07-07 16:47:11'),(92,'Asia','Volkman','hadley.leuschke@example.org','954.475.3218x977','1993-09-14 00:02:53','2020-06-28 04:53:02'),(93,'Weldon','Shields','elna.ankunding@example.com','(795)709-2026','1992-12-30 13:58:53','2020-06-25 03:45:09'),(94,'Shemar','Jaskolski','angelita82@example.org','377-718-2895x179','1999-05-04 01:11:24','2020-07-20 15:24:15'),(95,'Virginie','White','casper.chadd@example.net','+17(8)3493412045','1999-05-17 02:00:55','2020-07-11 01:32:03'),(96,'Hellen','Larkin','carey97@example.com','224.942.5088','2006-04-08 03:33:37','2020-06-28 20:24:01'),(97,'Carli','Ernser','zetta71@example.org','(927)257-5209x3038','2000-11-15 21:54:48','2020-06-27 09:09:17'),(98,'Niko','Muller','donavon74@example.net','+56(8)9092395664','1996-06-16 02:14:52','2020-07-10 05:33:19'),(99,'Kenya','Koch','schumm.betty@example.org','+59(2)1333804566','2000-10-19 21:33:23','2020-07-04 18:48:42'),(100,'Anderson','Gutkowski','dborer@example.com','+53(1)2153879045','2014-01-02 14:27:40','2020-07-09 14:41:47');
/*!40000 ALTER TABLE `users` ENABLE KEYS */;
UNLOCK TABLES;
/*!40103 SET TIME_ZONE=@OLD_TIME_ZONE */;

/*!40101 SET SQL_MODE=@OLD_SQL_MODE */;
/*!40014 SET FOREIGN_KEY_CHECKS=@OLD_FOREIGN_KEY_CHECKS */;
/*!40014 SET UNIQUE_CHECKS=@OLD_UNIQUE_CHECKS */;
/*!40101 SET CHARACTER_SET_CLIENT=@OLD_CHARACTER_SET_CLIENT */;
/*!40101 SET CHARACTER_SET_RESULTS=@OLD_CHARACTER_SET_RESULTS */;
/*!40101 SET COLLATION_CONNECTION=@OLD_COLLATION_CONNECTION */;
/*!40111 SET SQL_NOTES=@OLD_SQL_NOTES */;

-- Dump completed on 2020-07-27 22:50:45
